ID_ESTAC,NOM_ESTACIO,NOM_ORIGINAL,DATA_UTC,PERIODE_UTC,ES_AHIR,ESTAT,DATA_EXTRACCIO,HORA_CONSULTA_UTC,URL_FONT,CAPÇALERES_TROBADES,CAPÇALERES_LLISTAT,VAR_DVM_10_m_graus,VAR_DVM_2_m_graus,VAR_DVM_6_m_graus,VAR_GN_cm,VAR_HRM_perc,VAR_PM_hPa,VAR_PPT_mm,VAR_Període_TU,VAR_RS_W_m_2,VAR_TM_grausC,VAR_TN_grausC,VAR_TX_grausC,VAR_VVM_10_m_km_h,VAR_VVM_2_m_km_h,VAR_VVM_6_m_km_h,VAR_VVX_10_m_km_h,VAR_VVX_2_m_km_h,VAR_VVX_6_m_km_h,PERIODE,TM,TX,TN,HR,PPT,VVM,DVM,Col_00,Col_01,Col_02,Col_03,Col_04,Col_05,Col_06,Col_07,VVX,PM,RS,Col_08,Col_09,Col_10,Col_11
YT,Alt Àneu - Bonabé (1.693 m),ALT_ANEU___BONABE_1693_M_YT,2026-10-06,14:00 - 14:30,SÍ,OK,2026-10-07 13:15:52,00:00,https://www.meteo.cat/observacions/xema/dades?codi=YT&dia=2026-10-06T00:00Z,8,"Període TU, TM °C, TX °C, TN °C, HRM %, PPT mm, GN cm, RS W/m 2",,,,0,96,,0.4,14:00 - 14:30,69,11.9,11.8,12.0,,,,,,,14:00 - 14:30,11.9,12.0,11.8,96,0.4,0,69,14:00 - 14:30,11.9,12.0,11.8,96,0.4,0,69,,,,,,,
YT,Alt Àneu - Bonabé (1.693 m),ALT_ANEU___BONABE_1693_M_YT,2026-10-06,13:30 - 14:00,SÍ,OK,2026-10-07 13:15:52,00:00,https://www.meteo.cat/observacions/xema/dades?codi=YT&dia=2026-10-06T00:00Z,8,"Període TU, TM °C, TX °C, TN °C, HRM %, PPT mm, GN cm, RS W/m 2",,,,0,91,,0.0,13:30 - 14:00,72,12.5,12.0,13.2,,,,,,,13:30 - 14:00,12.5,13.2,12.0,91,0.0,0,72,13:30 - 14:00,12.5,13.2,12.0,91,0.0,0,72,,,,,,,
YT,Alt Àneu - Bonabé (1.693 m),ALT_ANEU___BONABE_1693_M_YT,2026-10-06,13:00 - 13:30,SÍ,OK,2026-10-07 13:15:52,00:00,https://www.meteo.cat/observacions/xema/dades?codi=YT&dia=2026-10-06T00:00Z,8,"Període TU, TM °C, TX °C, TN °C, HRM %, PPT mm, GN cm, RS W/m 2",,,,0,78,,0.0,13:00 - 13:30,147,13.7,13.2,13.9,,,,,,,13:00 - 13:30,13.7,13.9,13.2,78,0.0,0,147,13:00 - 13:30,13.7,13.9,13.2,78,0.0,0,147,,,,,,,
YT,Alt Àneu - Bonabé (1.693 m),ALT_ANEU___BONABE_1693_M_YT,2026-10-06,12:30 - 13:00,SÍ,OK,2026-10-07 13:15:52,00:00,https://www.meteo.cat/observacions/xema/dades?codi=YT&dia=2026-10-06T00:00Z,8,"Període TU, TM °C, TX °C, TN °C, HRM %, PPT mm, GN cm, RS W/m 2",,,,0,75,,0.0,12:30 - 13:00,123,14.2,13.9,14.8,,,,,,,12:30 - 13:00,14.2,14.8,13.9,75,0.0,0,123,12:30 - 13:00,14.2,14.8,13.9,75,0.0,0,123,,,,,,,
Z1,Alt Àneu - Bonaigua (2.266 m),ALT_ANEU___BONAIGUA_2266_M_Z1,2026-10-07,12:30 - 13:00,NO,OK,2026-10-07 13:15:55,12:30,https://www.meteo.cat/observacions/xema/dades?codi=Z1&dia=2026-10-07T12:30Z,11,"Període TU, TM °C, TX °C, TN °C, HRM %, PPT mm, GN cm, VVM (6 m) km/h, DVM (6 m) graus, VVX (6 m) km/h, RS W/m 2",,,116,6,90,,0.0,12:30 - 13:00,262,7.5,7.1,8.3,,,9.0,,,16.6,12:30 - 13:00,7.5,8.3,7.1,90,0.0,6,9.0,12:30 - 13:00,7.5,8.3,7.1,90,0.0,6,9.0,116,16.6,262,116,16.6,262,
Z1,Alt Àneu - Bonaigua (2.266 m),ALT_ANEU___BONAIGUA_2266_M_Z1,2026-10-06,23:30 - 00:00,SÍ,OK,2026-10-07 13:15:58,00:00,https://www.meteo.cat/observacions/xema/dades?codi=Z1&dia=2026-10-06T00:00Z,11,"Període TU, TM °C, TX °C, TN °C, HRM %, PPT mm, GN cm, VVM (6 m) km/h, DVM (6 m) graus, VVX (6 m) km/h, RS W/m 2",,,119,6,96,,0.0,23:30 - 00:00,0,6.7,6.4,7.0,,,7.2,,,14.8,23:30 - 00:00,6.7,7.0,6.4,96,0.0,6,7.2,23:30 - 00:00,6.7,7.0,6.4,96,0.0,6,7.2,119,14.8,0,119,14.8,0,
Z1,Alt Àneu - Bonaigua (2.266 m),ALT_ANEU___BONAIGUA_2266_M_Z1,2026-10-06,23:00 - 23:30,SÍ,OK,2026-10-07 13:15:58,00:00,https://www.meteo.cat/observacions/xema/dades?codi=Z1&dia=2026-10-06T00:00Z,11,"Període TU, TM °C, TX °C, TN °C, HRM %, PPT mm, GN cm, VVM (6 m) km/h, DVM (6 m) graus, VVX (6 m) km/h, RS W/m 2",,,160,6,97,,0.0,23:00 - 23:30,0,6.8,6.6,7.0,,,4.7,,,13.0,23:00 - 23:30,6.8,7.0,6.6,97,0.0,6,4.7,23:00 - 23:30,6.8,7.0,6.6,97,0.0,6,4.7,160,13.0,0,160,13.0,0,
Z1,Alt Àneu - Bonaigua (2.266 m),ALT_ANEU___BONAIGUA_2266_M_Z1,2026-10-06,22:30 - 23:00,SÍ,OK,2026-10-07 13:15:58,00:00,https://www.meteo.cat/observacions/xema/dades?codi=Z1&dia=2026-10-06T00:00Z,11,"Període TU, TM °C, TX °C, TN °C, HRM %, PPT mm, GN cm, VVM (6 m) km/h, DVM (6 m) graus, VVX (6 m) km/h, RS W/m 2",,,78,6,100,,0.0,22:30 - 23:00,0,7.0,6.9,7.0,,,13.0,,,17.3,22:30 - 23:00,7.0,7.0,6.9,100,0.0,6,13.0,22:30 - 23:00,7.0,7.0,6.9,100,0.0,6,13.0,78,17.3,0,78,17.3,0,
Z1,Alt Àneu - Bonaigua (2.266 m),ALT_ANEU___BONAIGUA_2266_M_Z1,2026-10-06,22:00 - 22:30,SÍ,OK,2026-10-07 13:15:58,00:00,https://www.meteo.cat/observacions/xema/dades?codi=Z1&dia=2026-10-06T00:00Z,11,"Període TU, TM °C, TX °C, TN °C, HRM %, PPT mm, GN cm, VVM (6 m) km/h, DVM (6 m) graus, VVX (6 m) km/h, RS W/m 2",,,99,6,100,,0.0,22:00 - 22:30,0,7.0,7.0,7.0,,,12.2,,,17.6,22:00 - 22:30,7.0,7.0,7.0,100,0.0,6,12.2,22:00 - 22:30,7.0,7.0,7.0,100,0.0,6,12.2,99,17.6,0,99,17.6,0,
DN,Anglès,ANGLES_DN,2026-10-07,12:30 - 13:00,NO,OK,2026-10-07 13:16:01,12:30,https://www.meteo.cat/observacions/xema/dades?codi=DN&dia=2026-10-07T12:30Z,11,"Període TU, TM °C, TX °C, TN °C, HRM %, PPT mm, VVM (10 m) km/h, DVM (10 m) graus, VVX (10 m) km/h, PM hPa, RS W/m 2",131,,,,70,1009.6,0.0,12:30 - 13:00,350,24.2,23.8,24.6,5.8,,,11.2,,,12:30 - 13:00,24.2,24.6,23.8,70,0.0,5.8,131,12:30 - 13:00,24.2,24.6,23.8,70,0.0,5.8,131,11.2,1009.6,350,11.2,1009.6,350,
DN,Anglès,ANGLES_DN,2026-10-06,23:30 - 00:00,SÍ,OK,2026-10-07 13:16:03,00:00,https://www.meteo.cat/observacions/xema/dades?codi=DN&dia=2026-10-06T00:00Z,11,"Període TU, TM °C, TX °C, TN °C, HRM %, PPT mm, VVM (10 m) km/h, DVM (10 m) graus, VVX (10 m) km/h, PM hPa, RS W/m 2",109,,,,100,1012.5,0.0,23:30 - 00:00,0,17.6,17.3,17.8,1.8,,,6.1,,,23:30 - 00:00,17.6,17.8,17.3,100,0.0,1.8,109,23:30 - 00:00,17.6,17.8,17.3,100,0.0,1.8,109,6.1,1012.5,0,6.1,1012.5,0,
DN,Anglès,ANGLES_DN,2026-10-06,23:00 - 23:30,SÍ,OK,2026-10-07 13:16:03,00:00,https://www.meteo.cat/observacions/xema/dades?codi=DN&dia=2026-10-06T00:00Z,11,"Període TU, TM °C, TX °C, TN °C, HRM %, PPT mm, VVM (10 m) km/h, DVM (10 m) graus, VVX (10 m) km/h, PM hPa, RS W/m 2",256,,,,100,1012.8,0.0,23:00 - 23:30,0,18.0,17.6,18.4,1.4,,,8.3,,,23:00 - 23:30,18.0,18.4,17.6,100,0.0,1.4,256,23:00 - 23:30,18.0,18.4,17.6,100,0.0,1.4,256,8.3,1012.8,0,8.3,1012.8,0,
DN,Anglès,ANGLES_DN,2026-10-06,22:30 - 23:00,SÍ,OK,2026-10-07 13:16:03,00:00,https://www.meteo.cat/observacions/xema/dades?codi=DN&dia=2026-10-06T00:00Z,11,"Període TU, TM °C, TX °C, TN °C, HRM %, PPT mm, VVM (10 m) km/h, DVM (10 m) graus, VVX (10 m) km/h, PM hPa, RS W/m 2",297,,,,100,1013.2,0.0,22:30 - 23:00,0,18.5,18.3,18.7,3.6,,,7.9,,,22:30 - 23:00,18.5,18.7,18.3,100,0.0,3.6,297,22:30 - 23:00,18.5,18.7,18.3,100,0.0,3.6,297,7.9,1013.2,0,7.9,1013.2,0,
DN,Anglès,ANGLES_DN,2026-10-06,22:00 - 22:30,SÍ,OK,2026-10-07 13:16:03,00:00,https://www.meteo.cat/observacions/xema/dades?codi=DN&dia=2026-10-06T00:00Z,11,"Període TU, TM °C, TX °C, TN °C, HRM %, PPT mm, VVM (10 m) km/h, DVM (10 m) graus, VVX (10 m) km/h, PM hPa, RS W/m 2",301,,,,100,1013.6,0.0,22:00 - 22:30,0,18.7,18.6,18.7,2.9,,,5.4,,,22:00 - 22:30,18.7,18.7,18.6,100,0.0,2.9,301,22:00 - 22:30,18.7,18.7,18.6,100,0.0,2.9,301,5.4,1013.6,0,5.4,1013.6,0,
Z6,Arres - Sasseuva (2.228 m),ARRES___SASSEUVA_2228_M_Z6,2026-10-07,12:30 - 13:00,NO,OK,2026-10-07 13:16:06,12:30,https://www.meteo.cat/observacions/xema/dades?codi=Z6&dia=2026-10-07T12:30Z,11,"Període TU, TM °C, TX °C, TN °C, HRM %, PPT mm, GN cm, VVM (6 m) km/h, DVM (6 m) graus, VVX (6 m) km/h, RS W/m 2",,,277,2,98,,0.4,12:30 - 13:00,144,6.5,6.2,6.8,,,3.6,,,9.0,12:30 - 13:00,6.5,6.8,6.2,98,0.4,2,3.6,12:30 - 13:00,6.5,6.8,6.2,98,0.4,2,3.6,277,9.0,144,277,9.0,144,
Z6,Arres - Sasseuva (2.228 m),ARRES___SASSEUVA_2228_M_Z6,2026-10-06,23:30 - 00:00,SÍ,OK,2026-10-07 13:16:07,00:00,https://www.meteo.cat/observacions/xema/dades?codi=Z6&dia=2026-10-06T00:00Z,11,"Període TU, TM °C, TX °C, TN °C, HRM %, PPT mm, GN cm, VVM (6 m) km/h, DVM (6 m) graus, VVX (6 m) km/h, RS W/m 2",,,174,1,83,,0.0,23:30 - 00:00,0,7.2,7.0,7.6,,,4.7,,,14.4,23:30 - 00:00,7.2,7.6,7.0,83,0.0,1,4.7,23:30 - 00:00,7.2,7.6,7.0,83,0.0,1,4.7,174,14.4,0,174,14.4,0,
Z6,Arres - Sasseuva (2.228 m),ARRES___SASSEUVA_2228_M_Z6,2026-10-06,23:00 - 23:30,SÍ,OK,2026-10-07 13:16:07,00:00,https://www.meteo.cat/observacions/xema/dades?codi=Z6&dia=2026-10-06T00:00Z,11,"Període TU, TM °C, TX °C, TN °C, HRM %, PPT mm, GN cm, VVM (6 m) km/h, DVM (6 m) graus, VVX (6 m) km/h, RS W/m 2",,,184,1,88,,0.0,23:00 - 23:30,0,7.2,7.0,7.5,,,5.0,,,19.1,23:00 - 23:30,7.2,7.5,7.0,88,0.0,1,5.0,23:00 - 23:30,7.2,7.5,7.0,88,0.0,1,5.0,184,19.1,0,184,19.1,0,
Z6,Arres - Sasseuva (2.228 m),ARRES___SASSEUVA_2228_M_Z6,2026-10-06,22:30 - 23:00,SÍ,OK,2026-10-07 13:16:07,00:00,https://www.meteo.cat/observacions/xema/dades?codi=Z6&dia=2026-10-06T00:00Z,11,"Període TU, TM °C, TX °C, TN °C, HRM %, PPT mm, GN cm, VVM (6 m) km/h, DVM (6 m) graus, VVX (6 m) km/h, RS W/m 2",,,181,0,87,,0.0,22:30 - 23:00,0,7.6,7.5,7.7,,,5.8,,,19.8,22:30 - 23:00,7.6,7.7,7.5,87,0.0,0,5.8,22:30 - 23:00,7.6,7.7,7.5,87,0.0,0,5.8,181,19.8,0,181,19.8,0,
Z6,Arres - Sasseuva (2.228 m),ARRES___SASSEUVA_2228_M_Z6,2026-10-06,22:00 - 22:30,SÍ,OK,2026-10-07 13:16:07,00:00,https://www.meteo.cat/observacions/xema/dades?codi=Z6&dia=2026-10-06T00:00Z,11,"Període TU, TM °C, TX °C, TN °C, HRM %, PPT mm, GN cm, VVM (6 m) km/h, DVM (6 m) graus, VVX (6 m) km/h, RS W/m 2",,,216,0,90,,0.0,22:00 - 22:30,0,7.4,7.2,7.6,,,5.4,,,12.2,22:00 - 22:30,7.4,7.6,7.2,90,0.0,0,5.4,22:00 - 22:30,7.4,7.6,7.2,90,0.0,0,5.4,216,12.2,0,216,12.2,0,
DJ,Banyoles,BANYOLES_DJ,2026-10-07,12:30 - 13:00,NO,OK,2026-10-07 13:16:11,12:30,https://www.meteo.cat/observacions/xema/dades?codi=DJ&dia=2026-10-07T12:30Z,11,"Període TU, TM °C, TX °C, TN °C, HRM %, PPT mm, VVM (10 m) km/h, DVM (10 m) graus, VVX (10 m) km/h, PM hPa, RS W/m 2",155,,,,64,1009.9,0.0,12:30 - 13:00,596,24.0,23.7,24.2,12.2,,,22.0,,,12:30 - 13:00,24.0,24.2,23.7,64,0.0,12.2,155,12:30 - 13:00,24.0,24.2,23.7,64,0.0,12.2,155,22.0,1009.9,596,22.0,1009.9,596,
DJ,Banyoles,BANYOLES_DJ,2026-10-06,23:30 - 00:00,SÍ,OK,2026-10-07 13:16:12,00:00,https://www.meteo.cat/observacions/xema/dades?codi=DJ&dia=2026-10-06T00:00Z,11,"Període TU, TM °C, TX °C, TN °C, HRM %, PPT mm, VVM (10 m) km/h, DVM (10 m) graus, VVX (10 m) km/h, PM hPa, RS W/m 2",205,,,,100,1012.5,0.0,23:30 - 00:00,0,18.0,17.9,18.2,5.8,,,9.7,,,23:30 - 00:00,18.0,18.2,17.9,100,0.0,5.8,205,23:30 - 00:00,18.0,18.2,17.9,100,0.0,5.8,205,9.7,1012.5,0,9.7,1012.5,0,
DJ,Banyoles,BANYOLES_DJ,2026-10-06,23:00 - 23:30,SÍ,OK,2026-10-07 13:16:12,00:00,https://www.meteo.cat/observacions/xema/dades?codi=DJ&dia=2026-10-06T00:00Z,11,"Període TU, TM °C, TX °C, TN °C, HRM %, PPT mm, VVM (10 m) km/h, DVM (10 m) graus, VVX (10 m) km/h, PM hPa, RS W/m 2",5,,,,100,1012.8,0.0,23:00 - 23:30,0,18.3,18.2,18.4,4.7,,,9.4,,,23:00 - 23:30,18.3,18.4,18.2,100,0.0,4.7,5,23:00 - 23:30,18.3,18.4,18.2,100,0.0,4.7,5,9.4,1012.8,0,9.4,1012.8,0,
DJ,Banyoles,BANYOLES_DJ,2026-10-06,22:30 - 23:00,SÍ,OK,2026-10-07 13:16:12,00:00,https://www.meteo.cat/observacions/xema/dades?codi=DJ&dia=2026-10-06T00:00Z,11,"Període TU, TM °C, TX °C, TN °C, HRM %, PPT mm, VVM (10 m) km/h, DVM (10 m) graus, VVX (10 m) km/h, PM hPa, RS W/m 2",355,,,,100,1013.4,0.1,22:30 - 23:00,0,18.5,18.4,18.6,5.4,,,9.7,,,22:30 - 23:00,18.5,18.6,18.4,100,0.1,5.4,355,22:30 - 23:00,18.5,18.6,18.4,100,0.1,5.4,355,9.7,1013.4,0,9.7,1013.4,0,
DJ,Banyoles,BANYOLES_DJ,2026-10-06,22:00 - 22:30,SÍ,OK,2026-10-07 13:16:12,00:00,https://www.meteo.cat/observacions/xema/dades?codi=DJ&dia=2026-10-06T00:00Z,11,"Període TU, TM °C, TX °C, TN °C, HRM %, PPT mm, VVM (10 m) km/h, DVM (10 m) graus, VVX (10 m) km/h, PM hPa, RS W/m 2",69,,,,100,1013.5,0.1,22:00 - 22:30,0,18.4,18.4,18.5,3.6,,,8.6,,,22:00 - 22:30,18.4,18.5,18.4,100,0.1,3.6,69,22:00 - 22:30,18.4,18.5,18.4,100,0.1,3.6,69,8.6,1013.5,0,8.6,1013.5,0,
X4,Barcelona - el Raval,BARCELONA___EL_RAVAL_X4,2026-10-07,12:30 - 13:00,NO,OK,2026-10-07 13:16:15,12:30,https://www.meteo.cat/observacions/xema/dades?codi=X4&dia=2026-10-07T12:30Z,11,"Període TU, TM °C, TX °C, TN °C, HRM %, PPT mm, VVM (10 m) km/h, DVM (10 m) graus, VVX (10 m) km/h, PM hPa, RS W/m 2",197,,,,59,1010.7,0.0,12:30 - 13:00,656,25.4,25.1,26.0,11.5,,,23.0,,,12:30 - 13:00,25.4,26.0,25.1,59,0.0,11.5,197,12:30 - 13:00,25.4,26.0,25.1,59,0.0,11.5,197,23.0,1010.7,656,23.0,1010.7,656,
X4,Barcelona - el Raval,BARCELONA___EL_RAVAL_X4,2026-10-06,23:30 - 00:00,SÍ,OK,2026-10-07 13:16:17,00:00,https://www.meteo.cat/observacions/xema/dades?codi=X4&dia=2026-10-06T00:00Z,11,"Període TU, TM °C, TX °C, TN °C, HRM %, PPT mm, VVM (10 m) km/h, DVM (10 m) graus, VVX (10 m) km/h, PM hPa, RS W/m 2",190,,,,98,1013.7,0.0,23:30 - 00:00,0,19.3,19.2,19.4,0.7,,,2.9,,,23:30 - 00:00,19.3,19.4,19.2,98,0.0,0.7,190,23:30 - 00:00,19.3,19.4,19.2,98,0.0,0.7,190,2.9,1013.7,0,2.9,1013.7,0,
X4,Barcelona - el Raval,BARCELONA___EL_RAVAL_X4,2026-10-06,23:00 - 23:30,SÍ,OK,2026-10-07 13:16:17,00:00,https://www.meteo.cat/observacions/xema/dades?codi=X4&dia=2026-10-06T00:00Z,11,"Període TU, TM °C, TX °C, TN °C, HRM %, PPT mm, VVM (10 m) km/h, DVM (10 m) graus, VVX (10 m) km/h, PM hPa, RS W/m 2",238,,,,97,1013.7,0.0,23:00 - 23:30,0,19.4,19.3,19.5,1.8,,,7.6,,,23:00 - 23:30,19.4,19.5,19.3,97,0.0,1.8,238,23:00 - 23:30,19.4,19.5,19.3,97,0.0,1.8,238,7.6,1013.7,0,7.6,1013.7,0,
X4,Barcelona - el Raval,BARCELONA___EL_RAVAL_X4,2026-10-06,22:30 - 23:00,SÍ,OK,2026-10-07 13:16:17,00:00,https://www.meteo.cat/observacions/xema/dades?codi=X4&dia=2026-10-06T00:00Z,11,"Període TU, TM °C, TX °C, TN °C, HRM %, PPT mm, VVM (10 m) km/h, DVM (10 m) graus, VVX (10 m) km/h, PM hPa, RS W/m 2",245,,,,97,1014.0,0.0,22:30 - 23:00,0,19.5,19.4,19.5,2.9,,,7.9,,,22:30 - 23:00,19.5,19.5,19.4,97,0.0,2.9,245,22:30 - 23:00,19.5,19.5,19.4,97,0.0,2.9,245,7.9,1014.0,0,7.9,1014.0,0,
X4,Barcelona - el Raval,BARCELONA___EL_RAVAL_X4,2026-10-06,22:00 - 22:30,SÍ,OK,2026-10-07 13:16:17,00:00,https://www.meteo.cat/observacions/xema/dades?codi=X4&dia=2026-10-06T00:00Z,11,"Període TU, TM °C, TX °C, TN °C, HRM %, PPT mm, VVM (10 m) km/h, DVM (10 m) graus, VVX (10 m) km/h, PM hPa, RS W/m 2",234,,,,96,1014.1,0.0,22:00 - 22:30,0,19.4,19.3,19.5,2.9,,,6.8,,,22:00 - 22:30,19.4,19.5,19.3,96,0.0,2.9,234,22:00 - 22:30,19.4,19.5,19.3,96,0.0,2.9,234,6.8,1014.1,0,6.8,1014.1,0,
D5,Barcelona - Observatori Fabra,BARCELONA___OBSERVATORI_FABRA_D5,2026-10-07,12:30 - 13:00,NO,OK,2026-10-07 13:16:20,12:30,https://www.meteo.cat/observacions/xema/dades?codi=D5&dia=2026-10-07T12:30Z,11,"Període TU, TM °C, TX °C, TN °C, HRM %, PPT mm, VVM (10 m) km/h, DVM (10 m) graus, VVX (10 m) km/h, PM hPa, RS W/m 2",199,,,,69,1010.3,0.0,12:30 - 13:00,484,23.4,22.9,24.0,11.9,,,29.5,,,12:30 - 13:00,23.4,24.0,22.9,69,0.0,11.9,199,12:30 - 13:00,23.4,24.0,22.9,69,0.0,11.9,199,29.5,1010.3,484,29.5,1010.3,484,
D5,Barcelona - Observatori Fabra,BARCELONA___OBSERVATORI_FABRA_D5,2026-10-06,23:30 - 00:00,SÍ,OK,2026-10-07 13:16:22,00:00,https://www.meteo.cat/observacions/xema/dades?codi=D5&dia=2026-10-06T00:00Z,11,"Període TU, TM °C, TX °C, TN °C, HRM %, PPT mm, VVM (10 m) km/h, DVM (10 m) graus, VVX (10 m) km/h, PM hPa, RS W/m 2",,,,,100,1013.6,0.0,23:30 - 00:00,,17.9,17.8,18.0,,,,,,,23:30 - 00:00,17.9,18.0,17.8,100,0.0,,,23:30 - 00:00,17.9,18.0,17.8,100,0.0,,,,1013.6,,,1013.6,,
D5,Barcelona - Observatori Fabra,BARCELONA___OBSERVATORI_FABRA_D5,2026-10-06,23:00 - 23:30,SÍ,OK,2026-10-07 13:16:22,00:00,https://www.meteo.cat/observacions/xema/dades?codi=D5&dia=2026-10-06T00:00Z,11,"Període TU, TM °C, TX °C, TN °C, HRM %, PPT mm, VVM (10 m) km/h, DVM (10 m) graus, VVX (10 m) km/h, PM hPa, RS W/m 2",,,,,100,1013.6,0.0,23:00 - 23:30,,17.7,17.6,17.8,,,,,,,23:00 - 23:30,17.7,17.8,17.6,100,0.0,,,23:00 - 23:30,17.7,17.8,17.6,100,0.0,,,,1013.6,,,1013.6,,
D5,Barcelona - Observatori Fabra,BARCELONA___OBSERVATORI_FABRA_D5,2026-10-06,22:30 - 23:00,SÍ,OK,2026-10-07 13:16:22,00:00,https://www.meteo.cat/observacions/xema/dades?codi=D5&dia=2026-10-06T00:00Z,11,"Període TU, TM °C, TX °C, TN °C, HRM %, PPT mm, VVM (10 m) km/h, DVM (10 m) graus, VVX (10 m) km/h, PM hPa, RS W/m 2",,,,,94,1014.0,0.0,22:30 - 23:00,,17.9,17.7,18.2,,,,,,,22:30 - 23:00,17.9,18.2,17.7,94,0.0,,,22:30 - 23:00,17.9,18.2,17.7,94,0.0,,,,1014.0,,,1014.0,,
D5,Barcelona - Observatori Fabra,BARCELONA___OBSERVATORI_FABRA_D5,2026-10-06,22:00 - 22:30,SÍ,OK,2026-10-07 13:16:22,00:00,https://www.meteo.cat/observacions/xema/dades?codi=D5&dia=2026-10-06T00:00Z,11,"Període TU, TM °C, TX °C, TN °C, HRM %, PPT mm, VVM (10 m) km/h, DVM (10 m) graus, VVX (10 m) km/h, PM hPa, RS W/m 2",,,,,84,1014.2,0.0,22:00 - 22:30,,17.7,17.4,18.0,,,,,,,22:00 - 22:30,17.7,18.0,17.4,84,0.0,,,22:00 - 22:30,17.7,18.0,17.4,84,0.0,,,,1014.2,,,1014.2,,
YS,Cabanes,CABANES_YS,2026-10-07,12:30 - 13:00,NO,OK,2026-10-07 13:16:25,12:30,https://www.meteo.cat/observacions/xema/dades?codi=YS&dia=2026-10-07T12:30Z,10,"Període TU, TM °C, TX °C, TN °C, HRM %, PPT mm, VVM (2 m) km/h, DVM (2 m) graus, VVX (2 m) km/h, RS W/m 2",,152,,,65,,0.0,12:30 - 13:00,612,24.5,24.1,25.2,,4.7,,,12.6,,12:30 - 13:00,24.5,25.2,24.1,65,0.0,4.7,152,12:30 - 13:00,24.5,25.2,24.1,65,0.0,4.7,152,12.6,612,,12.6,612,,
YS,Cabanes,CABANES_YS,2026-10-06,23:30 - 00:00,SÍ,OK,2026-10-07 13:16:28,00:00,https://www.meteo.cat/observacions/xema/dades?codi=YS&dia=2026-10-06T00:00Z,10,"Període TU, TM °C, TX °C, TN °C, HRM %, PPT mm, VVM (2 m) km/h, DVM (2 m) graus, VVX (2 m) km/h, RS W/m 2",,190,,,99,,0.0,23:30 - 00:00,0,19.2,19.1,19.3,,1.1,,,6.5,,23:30 - 00:00,19.2,19.3,19.1,99,0.0,1.1,190,23:30 - 00:00,19.2,19.3,19.1,99,0.0,1.1,190,6.5,0,,6.5,0,,
YS,Cabanes,CABANES_YS,2026-10-06,23:00 - 23:30,SÍ,OK,2026-10-07 13:16:28,00:00,https://www.meteo.cat/observacions/xema/dades?codi=YS&dia=2026-10-06T00:00Z,10,"Període TU, TM °C, TX °C, TN °C, HRM %, PPT mm, VVM (2 m) km/h, DVM (2 m) graus, VVX (2 m) km/h, RS W/m 2",,356,,,99,,0.0,23:00 - 23:30,0,19.4,19.3,19.5,,0.4,,,4.3,,23:00 - 23:30,19.4,19.5,19.3,99,0.0,0.4,356,23:00 - 23:30,19.4,19.5,19.3,99,0.0,0.4,356,4.3,0,,4.3,0,,
YS,Cabanes,CABANES_YS,2026-10-06,22:30 - 23:00,SÍ,OK,2026-10-07 13:16:28,00:00,https://www.meteo.cat/observacions/xema/dades?codi=YS&dia=2026-10-06T00:00Z,10,"Període TU, TM °C, TX °C, TN °C, HRM %, PPT mm, VVM (2 m) km/h, DVM (2 m) graus, VVX (2 m) km/h, RS W/m 2",,302,,,99,,0.0,22:30 - 23:00,0,19.3,19.3,19.4,,0.0,,,2.2,,22:30 - 23:00,19.3,19.4,19.3,99,0.0,0.0,302,22:30 - 23:00,19.3,19.4,19.3,99,0.0,0.0,302,2.2,0,,2.2,0,,
YS,Cabanes,CABANES_YS,2026-10-06,22:00 - 22:30,SÍ,OK,2026-10-07 13:16:28,00:00,https://www.meteo.cat/observacions/xema/dades?codi=YS&dia=2026-10-06T00:00Z,10,"Període TU, TM °C, TX °C, TN °C, HRM %, PPT mm, VVM (2 m) km/h, DVM (2 m) graus, VVX (2 m) km/h, RS W/m 2",,150,,,99,,0.2,22:00 - 22:30,0,19.5,19.4,19.5,,1.4,,,5.4,,22:00 - 22:30,19.5,19.5,19.4,99,0.2,1.4,150,22:00 - 22:30,19.5,19.5,19.4,99,0.2,1.4,150,5.4,0,,5.4,0,,
UN,Cassà de la Selva,CASSA_DE_LA_SELVA_UN,2026-10-07,12:30 - 13:00,NO,OK,2026-10-07 13:16:31,12:30,https://www.meteo.cat/observacions/xema/dades?codi=UN&dia=2026-10-07T12:30Z,10,"Període TU, TM °C, TX °C, TN °C, HRM %, PPT mm, VVM (2 m) km/h, DVM (2 m) graus, VVX (2 m) km/h, RS W/m 2",,202,,,72,,0.1,12:30 - 13:00,656,24.0,23.7,24.3,,6.1,,,17.3,,12:30 - 13:00,24.0,24.3,23.7,72,0.1,6.1,202,12:30 - 13:00,24.0,24.3,23.7,72,0.1,6.1,202,17.3,656,,17.3,656,,
UN,Cassà de la Selva,CASSA_DE_LA_SELVA_UN,2026-10-06,23:30 - 00:00,SÍ,OK,2026-10-07 13:16:33,00:00,https://www.meteo.cat/observacions/xema/dades?codi=UN&dia=2026-10-06T00:00Z,10,"Període TU, TM °C, TX °C, TN °C, HRM %, PPT mm, VVM (2 m) km/h, DVM (2 m) graus, VVX (2 m) km/h, RS W/m 2",,98,,,100,,0.0,23:30 - 00:00,0,17.3,17.2,17.4,,2.9,,,6.8,,23:30 - 00:00,17.3,17.4,17.2,100,0.0,2.9,98,23:30 - 00:00,17.3,17.4,17.2,100,0.0,2.9,98,6.8,0,,6.8,0,,
UN,Cassà de la Selva,CASSA_DE_LA_SELVA_UN,2026-10-06,23:00 - 23:30,SÍ,OK,2026-10-07 13:16:33,00:00,https://www.meteo.cat/observacions/xema/dades?codi=UN&dia=2026-10-06T00:00Z,10,"Període TU, TM °C, TX °C, TN °C, HRM %, PPT mm, VVM (2 m) km/h, DVM (2 m) graus, VVX (2 m) km/h, RS W/m 2",,129,,,100,,0.1,23:00 - 23:30,0,17.4,17.3,17.4,,1.8,,,6.5,,23:00 - 23:30,17.4,17.4,17.3,100,0.1,1.8,129,23:00 - 23:30,17.4,17.4,17.3,100,0.1,1.8,129,6.5,0,,6.5,0,,
UN,Cassà de la Selva,CASSA_DE_LA_SELVA_UN,2026-10-06,22:30 - 23:00,SÍ,OK,2026-10-07 13:16:33,00:00,https://www.meteo.cat/observacions/xema/dades?codi=UN&dia=2026-10-06T00:00Z,10,"Període TU, TM °C, TX °C, TN °C, HRM %, PPT mm, VVM (2 m) km/h, DVM (2 m) graus, VVX (2 m) km/h, RS W/m 2",,100,,,99,,0.8,22:30 - 23:00,0,17.5,17.4,17.7,,2.5,,,6.8,,22:30 - 23:00,17.5,17.7,17.4,99,0.8,2.5,100,22:30 - 23:00,17.5,17.7,17.4,99,0.8,2.5,100,6.8,0,,6.8,0,,
UN,Cassà de la Selva,CASSA_DE_LA_SELVA_UN,2026-10-06,22:00 - 22:30,SÍ,OK,2026-10-07 13:16:33,00:00,https://www.meteo.cat/observacions/xema/dades?codi=UN&dia=2026-10-06T00:00Z,10,"Període TU, TM °C, TX °C, TN °C, HRM %, PPT mm, VVM (2 m) km/h, DVM (2 m) graus, VVX (2 m) km/h, RS W/m 2",,151,,,99,,10.8,22:00 - 22:30,0,18.0,17.5,19.3,,4.7,,,25.2,,22:00 - 22:30,18.0,19.3,17.5,99,10.8,4.7,151,22:00 - 22:30,18.0,19.3,17.5,99,10.8,4.7,151,25.2,0,,25.2,0,,
MS,Castellar de N'hug - el Clot del Moro,CASTELLAR_DE_NHUG___EL_CLOT_DEL_MORO_MS,2026-10-07,12:30 - 13:00,NO,OK,2026-10-07 13:16:36,12:30,https://www.meteo.cat/observacions/xema/dades?codi=MS&dia=2026-10-07T12:30Z,6,"Període TU, TM °C, TX °C, TN °C, HRM %, PPT mm",,,,,60,,0.0,12:30 - 13:00,,20.4,19.8,21.0,,,,,,,12:30 - 13:00,20.4,21.0,19.8,60,0.0,,,12:30 - 13:00,20.4,21.0,19.8,60,0.0,,,,,,,,,
MS,Castellar de N'hug - el Clot del Moro,CASTELLAR_DE_NHUG___EL_CLOT_DEL_MORO_MS,2026-10-06,23:30 - 00:00,SÍ,OK,2026-10-07 13:16:37,00:00,https://www.meteo.cat/observacions/xema/dades?codi=MS&dia=2026-10-06T00:00Z,6,"Període TU, TM °C, TX °C, TN °C, HRM %, PPT mm",,,,,99,,0.0,23:30 - 00:00,,13.8,13.7,13.9,,,,,,,23:30 - 00:00,13.8,13.9,13.7,99,0.0,,,23:30 - 00:00,13.8,13.9,13.7,99,0.0,,,,,,,,,
MS,Castellar de N'hug - el Clot del Moro,CASTELLAR_DE_NHUG___EL_CLOT_DEL_MORO_MS,2026-10-06,23:00 - 23:30,SÍ,OK,2026-10-07 13:16:37,00:00,https://www.meteo.cat/observacions/xema/dades?codi=MS&dia=2026-10-06T00:00Z,6,"Període TU, TM °C, TX °C, TN °C, HRM %, PPT mm",,,,,99,,0.0,23:00 - 23:30,,14.1,13.9,14.2,,,,,,,23:00 - 23:30,14.1,14.2,13.9,99,0.0,,,23:00 - 23:30,14.1,14.2,13.9,99,0.0,,,,,,,,,
MS,Castellar de N'hug - el Clot del Moro,CASTELLAR_DE_NHUG___EL_CLOT_DEL_MORO_MS,2026-10-06,22:30 - 23:00,SÍ,OK,2026-10-07 13:16:37,00:00,https://www.meteo.cat/observacions/xema/dades?codi=MS&dia=2026-10-06T00:00Z,6,"Període TU, TM °C, TX °C, TN °C, HRM %, PPT mm",,,,,99,,0.0,22:30 - 23:00,,14.5,14.3,14.6,,,,,,,22:30 - 23:00,14.5,14.6,14.3,99,0.0,,,22:30 - 23:00,14.5,14.6,14.3,99,0.0,,,,,,,,,
MS,Castellar de N'hug - el Clot del Moro,CASTELLAR_DE_NHUG___EL_CLOT_DEL_MORO_MS,2026-10-06,22:00 - 22:30,SÍ,OK,2026-10-07 13:16:37,00:00,https://www.meteo.cat/observacions/xema/dades?codi=MS&dia=2026-10-06T00:00Z,6,"Període TU, TM °C, TX °C, TN °C, HRM %, PPT mm",,,,,99,,0.1,22:00 - 22:30,,14.7,14.6,14.7,,,,,,,22:00 - 22:30,14.7,14.7,14.6,99,0.1,,,22:00 - 22:30,14.7,14.7,14.6,99,0.1,,,,,,,,,
W1,Castelló D'empúries,CASTELLO_DEMPURIES_W1,2026-10-07,12:30 - 13:00,NO,OK,2026-10-07 13:16:39,12:30,https://www.meteo.cat/observacions/xema/dades?codi=W1&dia=2026-10-07T12:30Z,6,"Període TU, TM °C, TX °C, TN °C, HRM %, PPT mm",,,,,76,,0.0,12:30 - 13:00,,23.5,22.3,24.2,,,,,,,12:30 - 13:00,23.5,24.2,22.3,76,0.0,,,12:30 - 13:00,23.5,24.2,22.3,76,0.0,,,,,,,,,
W1,Castelló D'empúries,CASTELLO_DEMPURIES_W1,2026-10-06,23:30 - 00:00,SÍ,OK,2026-10-07 13:16:41,00:00,https://www.meteo.cat/observacions/xema/dades?codi=W1&dia=2026-10-06T00:00Z,6,"Període TU, TM °C, TX °C, TN °C, HRM %, PPT mm",,,,,100,,0.0,23:30 - 00:00,,18.5,18.4,18.6,,,,,,,23:30 - 00:00,18.5,18.6,18.4,100,0.0,,,23:30 - 00:00,18.5,18.6,18.4,100,0.0,,,,,,,,,
W1,Castelló D'empúries,CASTELLO_DEMPURIES_W1,2026-10-06,23:00 - 23:30,SÍ,OK,2026-10-07 13:16:41,00:00,https://www.meteo.cat/observacions/xema/dades?codi=W1&dia=2026-10-06T00:00Z,6,"Període TU, TM °C, TX °C, TN °C, HRM %, PPT mm",,,,,100,,6.6,23:00 - 23:30,,19.3,18.7,20.7,,,,,,,23:00 - 23:30,19.3,20.7,18.7,100,6.6,,,23:00 - 23:30,19.3,20.7,18.7,100,6.6,,,,,,,,,
W1,Castelló D'empúries,CASTELLO_DEMPURIES_W1,2026-10-06,22:30 - 23:00,SÍ,OK,2026-10-07 13:16:41,00:00,https://www.meteo.cat/observacions/xema/dades?codi=W1&dia=2026-10-06T00:00Z,6,"Període TU, TM °C, TX °C, TN °C, HRM %, PPT mm",,,,,100,,0.5,22:30 - 23:00,,20.6,20.6,20.7,,,,,,,22:30 - 23:00,20.6,20.7,20.6,100,0.5,,,22:30 - 23:00,20.6,20.7,20.6,100,0.5,,,,,,,,,
W1,Castelló D'empúries,CASTELLO_DEMPURIES_W1,2026-10-06,22:00 - 22:30,SÍ,OK,2026-10-07 13:16:41,00:00,https://www.meteo.cat/observacions/xema/dades?codi=W1&dia=2026-10-06T00:00Z,6,"Període TU, TM °C, TX °C, TN °C, HRM %, PPT mm",,,,,100,,0.8,22:00 - 22:30,,20.6,20.6,20.6,,,,,,,22:00 - 22:30,20.6,20.6,20.6,100,0.8,,,22:00 - 22:30,20.6,20.6,20.6,100,0.8,,,,,,,,,
DP,Das - Aeròdrom,DAS___AERODROM_DP,2026-10-07,12:30 - 13:00,NO,OK,2026-10-07 13:16:43,12:30,https://www.meteo.cat/observacions/xema/dades?codi=DP&dia=2026-10-07T12:30Z,12,"Període TU, TM °C, TX °C, TN °C, HRM %, PPT mm, GN cm, VVM (10 m) km/h, DVM (10 m) graus, VVX (10 m) km/h, PM hPa, RS W/m 2",179,,,1,76,1008.4,0.0,12:30 - 13:00,313,17.7,16.5,19.0,11.5,,,17.3,,,12:30 - 13:00,17.7,19.0,16.5,76,0.0,1,11.5,12:30 - 13:00,17.7,19.0,16.5,76,0.0,1,11.5,179,17.3,1008.4,179,17.3,1008.4,313
DP,Das - Aeròdrom,DAS___AERODROM_DP,2026-10-06,23:30 - 00:00,SÍ,OK,2026-10-07 13:16:46,00:00,https://www.meteo.cat/observacions/xema/dades?codi=DP&dia=2026-10-06T00:00Z,12,"Període TU, TM °C, TX °C, TN °C, HRM %, PPT mm, GN cm, VVM (10 m) km/h, DVM (10 m) graus, VVX (10 m) km/h, PM hPa, RS W/m 2",238,,,1,95,1014.5,0.0,23:30 - 00:00,0,12.4,12.2,12.6,11.5,,,17.3,,,23:30 - 00:00,12.4,12.6,12.2,95,0.0,1,11.5,23:30 - 00:00,12.4,12.6,12.2,95,0.0,1,11.5,238,17.3,1014.5,238,17.3,1014.5,0
DP,Das - Aeròdrom,DAS___AERODROM_DP,2026-10-06,23:00 - 23:30,SÍ,OK,2026-10-07 13:16:46,00:00,https://www.meteo.cat/observacions/xema/dades?codi=DP&dia=2026-10-06T00:00Z,12,"Període TU, TM °C, TX °C, TN °C, HRM %, PPT mm, GN cm, VVM (10 m) km/h, DVM (10 m) graus, VVX (10 m) km/h, PM hPa, RS W/m 2",200,,,2,94,1014.4,0.1,23:00 - 23:30,0,12.8,12.6,13.0,9.4,,,16.9,,,23:00 - 23:30,12.8,13.0,12.6,94,0.1,2,9.4,23:00 - 23:30,12.8,13.0,12.6,94,0.1,2,9.4,200,16.9,1014.4,200,16.9,1014.4,0
DP,Das - Aeròdrom,DAS___AERODROM_DP,2026-10-06,22:30 - 23:00,SÍ,OK,2026-10-07 13:16:46,00:00,https://www.meteo.cat/observacions/xema/dades?codi=DP&dia=2026-10-06T00:00Z,12,"Període TU, TM °C, TX °C, TN °C, HRM %, PPT mm, GN cm, VVM (10 m) km/h, DVM (10 m) graus, VVX (10 m) km/h, PM hPa, RS W/m 2",137,,,2,93,1014.5,0.0,22:30 - 23:00,0,12.8,12.6,13.3,2.9,,,8.3,,,22:30 - 23:00,12.8,13.3,12.6,93,0.0,2,2.9,22:30 - 23:00,12.8,13.3,12.6,93,0.0,2,2.9,137,8.3,1014.5,137,8.3,1014.5,0
DP,Das - Aeròdrom,DAS___AERODROM_DP,2026-10-06,22:00 - 22:30,SÍ,OK,2026-10-07 13:16:46,00:00,https://www.meteo.cat/observacions/xema/dades?codi=DP&dia=2026-10-06T00:00Z,12,"Període TU, TM °C, TX °C, TN °C, HRM %, PPT mm, GN cm, VVM (10 m) km/h, DVM (10 m) graus, VVX (10 m) km/h, PM hPa, RS W/m 2",195,,,3,94,1014.3,0.0,22:00 - 22:30,0,13.5,13.3,13.6,10.8,,,20.5,,,22:00 - 22:30,13.5,13.6,13.3,94,0.0,3,10.8,22:00 - 22:30,13.5,13.6,13.3,94,0.0,3,10.8,195,20.5,1014.3,195,20.5,1014.3,0
XL,El Prat de Llobregat - el Prat de Llobregat,EL_PRAT_DE_LLOBREGAT___EL_PRAT_DE_LLOBREGAT_XL,2026-10-07,12:30 - 13:00,NO,OK,2026-10-07 13:16:49,12:30,https://www.meteo.cat/observacions/xema/dades?codi=XL&dia=2026-10-07T12:30Z,10,"Període TU, TM °C, TX °C, TN °C, HRM %, PPT mm, VVM (10 m) km/h, DVM (10 m) graus, VVX (10 m) km/h, RS W/m 2",199,,,,63,,0.0,12:30 - 13:00,660,25.6,25.4,25.7,14.0,,,23.0,,,12:30 - 13:00,25.6,25.7,25.4,63,0.0,14.0,199,12:30 - 13:00,25.6,25.7,25.4,63,0.0,14.0,199,23.0,660,,23.0,660,,
XL,El Prat de Llobregat - el Prat de Llobregat,EL_PRAT_DE_LLOBREGAT___EL_PRAT_DE_LLOBREGAT_XL,2026-10-06,23:30 - 00:00,SÍ,OK,2026-10-07 13:16:51,00:00,https://www.meteo.cat/observacions/xema/dades?codi=XL&dia=2026-10-06T00:00Z,10,"Període TU, TM °C, TX °C, TN °C, HRM %, PPT mm, VVM (10 m) km/h, DVM (10 m) graus, VVX (10 m) km/h, RS W/m 2",273,,,,100,,0.0,23:30 - 00:00,0,17.3,17.0,17.5,3.6,,,6.5,,,23:30 - 00:00,17.3,17.5,17.0,100,0.0,3.6,273,23:30 - 00:00,17.3,17.5,17.0,100,0.0,3.6,273,6.5,0,,6.5,0,,
XL,El Prat de Llobregat - el Prat de Llobregat,EL_PRAT_DE_LLOBREGAT___EL_PRAT_DE_LLOBREGAT_XL,2026-10-06,23:00 - 23:30,SÍ,OK,2026-10-07 13:16:51,00:00,https://www.meteo.cat/observacions/xema/dades?codi=XL&dia=2026-10-06T00:00Z,10,"Període TU, TM °C, TX °C, TN °C, HRM %, PPT mm, VVM (10 m) km/h, DVM (10 m) graus, VVX (10 m) km/h, RS W/m 2",262,,,,100,,0.0,23:00 - 23:30,0,17.5,17.4,17.8,4.3,,,6.5,,,23:00 - 23:30,17.5,17.8,17.4,100,0.0,4.3,262,23:00 - 23:30,17.5,17.8,17.4,100,0.0,4.3,262,6.5,0,,6.5,0,,
XL,El Prat de Llobregat - el Prat de Llobregat,EL_PRAT_DE_LLOBREGAT___EL_PRAT_DE_LLOBREGAT_XL,2026-10-06,22:30 - 23:00,SÍ,OK,2026-10-07 13:16:51,00:00,https://www.meteo.cat/observacions/xema/dades?codi=XL&dia=2026-10-06T00:00Z,10,"Període TU, TM °C, TX °C, TN °C, HRM %, PPT mm, VVM (10 m) km/h, DVM (10 m) graus, VVX (10 m) km/h, RS W/m 2",272,,,,100,,0.0,22:30 - 23:00,0,17.6,17.4,17.8,2.2,,,5.8,,,22:30 - 23:00,17.6,17.8,17.4,100,0.0,2.2,272,22:30 - 23:00,17.6,17.8,17.4,100,0.0,2.2,272,5.8,0,,5.8,0,,
XL,El Prat de Llobregat - el Prat de Llobregat,EL_PRAT_DE_LLOBREGAT___EL_PRAT_DE_LLOBREGAT_XL,2026-10-06,22:00 - 22:30,SÍ,OK,2026-10-07 13:16:51,00:00,https://www.meteo.cat/observacions/xema/dades?codi=XL&dia=2026-10-06T00:00Z,10,"Període TU, TM °C, TX °C, TN °C, HRM %, PPT mm, VVM (10 m) km/h, DVM (10 m) graus, VVX (10 m) km/h, RS W/m 2",246,,,,100,,0.0,22:00 - 22:30,0,18.4,17.8,18.7,2.2,,,4.3,,,22:00 - 22:30,18.4,18.7,17.8,100,0.0,2.2,246,22:00 - 22:30,18.4,18.7,17.8,100,0.0,2.2,246,4.3,0,,4.3,0,,
VZ,Espolla,ESPOLLA_VZ,2026-10-07,12:30 - 13:00,NO,OK,2026-10-07 13:16:54,12:30,https://www.meteo.cat/observacions/xema/dades?codi=VZ&dia=2026-10-07T12:30Z,6,"Període TU, TM °C, TX °C, TN °C, HRM %, PPT mm",,,,,66,,0.0,12:30 - 13:00,,24.3,24.1,24.6,,,,,,,12:30 - 13:00,24.3,24.6,24.1,66,0.0,,,12:30 - 13:00,24.3,24.6,24.1,66,0.0,,,,,,,,,
VZ,Espolla,ESPOLLA_VZ,2026-10-06,23:30 - 00:00,SÍ,OK,2026-10-07 13:16:56,00:00,https://www.meteo.cat/observacions/xema/dades?codi=VZ&dia=2026-10-06T00:00Z,6,"Període TU, TM °C, TX °C, TN °C, HRM %, PPT mm",,,,,97,,0.0,23:30 - 00:00,,19.4,18.6,19.9,,,,,,,23:30 - 00:00,19.4,19.9,18.6,97,0.0,,,23:30 - 00:00,19.4,19.9,18.6,97,0.0,,,,,,,,,
VZ,Espolla,ESPOLLA_VZ,2026-10-06,23:00 - 23:30,SÍ,OK,2026-10-07 13:16:56,00:00,https://www.meteo.cat/observacions/xema/dades?codi=VZ&dia=2026-10-06T00:00Z,6,"Període TU, TM °C, TX °C, TN °C, HRM %, PPT mm",,,,,98,,0.0,23:00 - 23:30,,20.0,19.9,20.1,,,,,,,23:00 - 23:30,20.0,20.1,19.9,98,0.0,,,23:00 - 23:30,20.0,20.1,19.9,98,0.0,,,,,,,,,
VZ,Espolla,ESPOLLA_VZ,2026-10-06,22:30 - 23:00,SÍ,OK,2026-10-07 13:16:56,00:00,https://www.meteo.cat/observacions/xema/dades?codi=VZ&dia=2026-10-06T00:00Z,6,"Període TU, TM °C, TX °C, TN °C, HRM %, PPT mm",,,,,99,,0.1,22:30 - 23:00,,20.1,20.0,20.1,,,,,,,22:30 - 23:00,20.1,20.1,20.0,99,0.1,,,22:30 - 23:00,20.1,20.1,20.0,99,0.1,,,,,,,,,
VZ,Espolla,ESPOLLA_VZ,2026-10-06,22:00 - 22:30,SÍ,OK,2026-10-07 13:16:56,00:00,https://www.meteo.cat/observacions/xema/dades?codi=VZ&dia=2026-10-06T00:00Z,6,"Període TU, TM °C, TX °C, TN °C, HRM %, PPT mm",,,,,98,,0.1,22:00 - 22:30,,20.0,20.0,20.1,,,,,,,22:00 - 22:30,20.0,20.1,20.0,98,0.1,,,22:00 - 22:30,20.0,20.1,20.0,98,0.1,,,,,,,,,
Z7,Espot (2.519 m),ESPOT_2519_M_Z7,2026-10-07,12:30 - 13:00,NO,OK,2026-10-07 13:16:59,12:30,https://www.meteo.cat/observacions/xema/dades?codi=Z7&dia=2026-10-07T12:30Z,11,"Període TU, TM °C, TX °C, TN °C, HRM %, PPT mm, GN cm, VVM (10 m) km/h, DVM (10 m) graus, VVX (10 m) km/h, RS W/m 2",296,,,,86,,0.0,12:30 - 13:00,456,5.2,4.8,5.6,10.4,,,22.7,,,12:30 - 13:00,5.2,5.6,4.8,86,0.0,,10.4,12:30 - 13:00,5.2,5.6,4.8,86,0.0,,10.4,296,22.7,456,296,22.7,456,
Z7,Espot (2.519 m),ESPOT_2519_M_Z7,2026-10-06,23:30 - 00:00,SÍ,OK,2026-10-07 13:17:01,00:00,https://www.meteo.cat/observacions/xema/dades?codi=Z7&dia=2026-10-06T00:00Z,11,"Període TU, TM °C, TX °C, TN °C, HRM %, PPT mm, GN cm, VVM (10 m) km/h, DVM (10 m) graus, VVX (10 m) km/h, RS W/m 2",251,,,,83,,0.0,23:30 - 00:00,0,5.7,5.6,6.1,6.1,,,24.5,,,23:30 - 00:00,5.7,6.1,5.6,83,0.0,,6.1,23:30 - 00:00,5.7,6.1,5.6,83,0.0,,6.1,251,24.5,0,251,24.5,0,
Z7,Espot (2.519 m),ESPOT_2519_M_Z7,2026-10-06,23:00 - 23:30,SÍ,OK,2026-10-07 13:17:01,00:00,https://www.meteo.cat/observacions/xema/dades?codi=Z7&dia=2026-10-06T00:00Z,11,"Període TU, TM °C, TX °C, TN °C, HRM %, PPT mm, GN cm, VVM (10 m) km/h, DVM (10 m) graus, VVX (10 m) km/h, RS W/m 2",255,,,,79,,0.0,23:00 - 23:30,0,6.3,5.8,6.4,7.9,,,23.8,,,23:00 - 23:30,6.3,6.4,5.8,79,0.0,,7.9,23:00 - 23:30,6.3,6.4,5.8,79,0.0,,7.9,255,23.8,0,255,23.8,0,
Z7,Espot (2.519 m),ESPOT_2519_M_Z7,2026-10-06,22:30 - 23:00,SÍ,OK,2026-10-07 13:17:01,00:00,https://www.meteo.cat/observacions/xema/dades?codi=Z7&dia=2026-10-06T00:00Z,11,"Període TU, TM °C, TX °C, TN °C, HRM %, PPT mm, GN cm, VVM (10 m) km/h, DVM (10 m) graus, VVX (10 m) km/h, RS W/m 2",242,,,,76,,0.0,22:30 - 23:00,0,6.6,6.4,6.7,8.3,,,23.0,,,22:30 - 23:00,6.6,6.7,6.4,76,0.0,,8.3,22:30 - 23:00,6.6,6.7,6.4,76,0.0,,8.3,242,23.0,0,242,23.0,0,
Z7,Espot (2.519 m),ESPOT_2519_M_Z7,2026-10-06,22:00 - 22:30,SÍ,OK,2026-10-07 13:17:01,00:00,https://www.meteo.cat/observacions/xema/dades?codi=Z7&dia=2026-10-06T00:00Z,11,"Període TU, TM °C, TX °C, TN °C, HRM %, PPT mm, GN cm, VVM (10 m) km/h, DVM (10 m) graus, VVX (10 m) km/h, RS W/m 2",231,,,,83,,0.0,22:00 - 22:30,0,6.2,6.0,6.4,7.2,,,20.9,,,22:00 - 22:30,6.2,6.4,6.0,83,0.0,,7.2,22:00 - 22:30,6.2,6.4,6.0,83,0.0,,7.2,231,20.9,0,231,20.9,0,
XK,Fogars de Montclús - Puig Sesolles (1.668 m),FOGARS_DE_MONTCLUS___PUIG_SESOLLES_1668_M_XK,2026-10-07,12:30 - 13:00,NO,OK,2026-10-07 13:17:04,12:30,https://www.meteo.cat/observacions/xema/dades?codi=XK&dia=2026-10-07T12:30Z,11,"Període TU, TM °C, TX °C, TN °C, HRM %, PPT mm, GN cm, VVM (10 m) km/h, DVM (10 m) graus, VVX (10 m) km/h, RS W/m 2",240,,,0,83,,0.0,12:30 - 13:00,502,13.5,12.9,14.2,28.1,,,41.8,,,12:30 - 13:00,13.5,14.2,12.9,83,0.0,0,28.1,12:30 - 13:00,13.5,14.2,12.9,83,0.0,0,28.1,240,41.8,502,240,41.8,502,
XK,Fogars de Montclús - Puig Sesolles (1.668 m),FOGARS_DE_MONTCLUS___PUIG_SESOLLES_1668_M_XK,2026-10-06,23:30 - 00:00,SÍ,OK,2026-10-07 13:17:06,00:00,https://www.meteo.cat/observacions/xema/dades?codi=XK&dia=2026-10-06T00:00Z,11,"Període TU, TM °C, TX °C, TN °C, HRM %, PPT mm, GN cm, VVM (10 m) km/h, DVM (10 m) graus, VVX (10 m) km/h, RS W/m 2",255,,,0,100,,0.0,23:30 - 00:00,0,9.7,9.5,9.9,36.7,,,43.9,,,23:30 - 00:00,9.7,9.9,9.5,100,0.0,0,36.7,23:30 - 00:00,9.7,9.9,9.5,100,0.0,0,36.7,255,43.9,0,255,43.9,0,
XK,Fogars de Montclús - Puig Sesolles (1.668 m),FOGARS_DE_MONTCLUS___PUIG_SESOLLES_1668_M_XK,2026-10-06,23:00 - 23:30,SÍ,OK,2026-10-07 13:17:06,00:00,https://www.meteo.cat/observacions/xema/dades?codi=XK&dia=2026-10-06T00:00Z,11,"Període TU, TM °C, TX °C, TN °C, HRM %, PPT mm, GN cm, VVM (10 m) km/h, DVM (10 m) graus, VVX (10 m) km/h, RS W/m 2",257,,,0,100,,0.0,23:00 - 23:30,0,9.9,9.6,10.3,31.0,,,40.3,,,23:00 - 23:30,9.9,10.3,9.6,100,0.0,0,31.0,23:00 - 23:30,9.9,10.3,9.6,100,0.0,0,31.0,257,40.3,0,257,40.3,0,
XK,Fogars de Montclús - Puig Sesolles (1.668 m),FOGARS_DE_MONTCLUS___PUIG_SESOLLES_1668_M_XK,2026-10-06,22:30 - 23:00,SÍ,OK,2026-10-07 13:17:06,00:00,https://www.meteo.cat/observacions/xema/dades?codi=XK&dia=2026-10-06T00:00Z,11,"Període TU, TM °C, TX °C, TN °C, HRM %, PPT mm, GN cm, VVM (10 m) km/h, DVM (10 m) graus, VVX (10 m) km/h, RS W/m 2",259,,,0,100,,0.0,22:30 - 23:00,0,9.6,9.5,9.6,26.3,,,30.6,,,22:30 - 23:00,9.6,9.6,9.5,100,0.0,0,26.3,22:30 - 23:00,9.6,9.6,9.5,100,0.0,0,26.3,259,30.6,0,259,30.6,0,
XK,Fogars de Montclús - Puig Sesolles (1.668 m),FOGARS_DE_MONTCLUS___PUIG_SESOLLES_1668_M_XK,2026-10-06,22:00 - 22:30,SÍ,OK,2026-10-07 13:17:06,00:00,https://www.meteo.cat/observacions/xema/dades?codi=XK&dia=2026-10-06T00:00Z,11,"Període TU, TM °C, TX °C, TN °C, HRM %, PPT mm, GN cm, VVM (10 m) km/h, DVM (10 m) graus, VVX (10 m) km/h, RS W/m 2",263,,,0,100,,0.0,22:00 - 22:30,0,10.0,9.6,10.1,19.8,,,27.7,,,22:00 - 22:30,10.0,10.1,9.6,100,0.0,0,19.8,22:00 - 22:30,10.0,10.1,9.6,100,0.0,0,19.8,263,27.7,0,263,27.7,0,
XJ,Girona,GIRONA_XJ,2026-10-07,12:30 - 13:00,NO,OK,2026-10-07 13:17:09,12:30,https://www.meteo.cat/observacions/xema/dades?codi=XJ&dia=2026-10-07T12:30Z,11,"Període TU, TM °C, TX °C, TN °C, HRM %, PPT mm, VVM (10 m) km/h, DVM (10 m) graus, VVX (10 m) km/h, PM hPa, RS W/m 2",175,,,,70,1010.0,0.0,12:30 - 13:00,615,24.5,24.0,25.0,7.2,,,15.8,,,12:30 - 13:00,24.5,25.0,24.0,70,0.0,7.2,175,12:30 - 13:00,24.5,25.0,24.0,70,0.0,7.2,175,15.8,1010.0,615,15.8,1010.0,615,
XJ,Girona,GIRONA_XJ,2026-10-06,23:30 - 00:00,SÍ,OK,2026-10-07 13:17:12,00:00,https://www.meteo.cat/observacions/xema/dades?codi=XJ&dia=2026-10-06T00:00Z,11,"Període TU, TM °C, TX °C, TN °C, HRM %, PPT mm, VVM (10 m) km/h, DVM (10 m) graus, VVX (10 m) km/h, PM hPa, RS W/m 2",172,,,,100,1012.6,0.0,23:30 - 00:00,0,18.9,18.8,19.0,6.8,,,15.5,,,23:30 - 00:00,18.9,19.0,18.8,100,0.0,6.8,172,23:30 - 00:00,18.9,19.0,18.8,100,0.0,6.8,172,15.5,1012.6,0,15.5,1012.6,0,
XJ,Girona,GIRONA_XJ,2026-10-06,23:00 - 23:30,SÍ,OK,2026-10-07 13:17:12,00:00,https://www.meteo.cat/observacions/xema/dades?codi=XJ&dia=2026-10-06T00:00Z,11,"Període TU, TM °C, TX °C, TN °C, HRM %, PPT mm, VVM (10 m) km/h, DVM (10 m) graus, VVX (10 m) km/h, PM hPa, RS W/m 2",211,,,,100,1012.9,0.0,23:00 - 23:30,0,18.8,18.6,19.1,3.2,,,10.4,,,23:00 - 23:30,18.8,19.1,18.6,100,0.0,3.2,211,23:00 - 23:30,18.8,19.1,18.6,100,0.0,3.2,211,10.4,1012.9,0,10.4,1012.9,0,
XJ,Girona,GIRONA_XJ,2026-10-06,22:30 - 23:00,SÍ,OK,2026-10-07 13:17:12,00:00,https://www.meteo.cat/observacions/xema/dades?codi=XJ&dia=2026-10-06T00:00Z,11,"Període TU, TM °C, TX °C, TN °C, HRM %, PPT mm, VVM (10 m) km/h, DVM (10 m) graus, VVX (10 m) km/h, PM hPa, RS W/m 2",218,,,,100,1013.3,0.0,22:30 - 23:00,0,19.1,19.0,19.2,3.2,,,8.6,,,22:30 - 23:00,19.1,19.2,19.0,100,0.0,3.2,218,22:30 - 23:00,19.1,19.2,19.0,100,0.0,3.2,218,8.6,1013.3,0,8.6,1013.3,0,
XJ,Girona,GIRONA_XJ,2026-10-06,22:00 - 22:30,SÍ,OK,2026-10-07 13:17:12,00:00,https://www.meteo.cat/observacions/xema/dades?codi=XJ&dia=2026-10-06T00:00Z,11,"Període TU, TM °C, TX °C, TN °C, HRM %, PPT mm, VVM (10 m) km/h, DVM (10 m) graus, VVX (10 m) km/h, PM hPa, RS W/m 2",275,,,,100,1013.4,0.0,22:00 - 22:30,0,19.2,19.2,19.3,3.6,,,8.3,,,22:00 - 22:30,19.2,19.3,19.2,100,0.0,3.6,275,22:00 - 22:30,19.2,19.3,19.2,100,0.0,3.6,275,8.3,1013.4,0,8.3,1013.4,0,
YU,L'esquirol - Cantonigròs,LESQUIROL___CANTONIGROS_YU,2026-10-07,12:30 - 13:00,NO,OK,2026-10-07 13:17:15,12:30,https://www.meteo.cat/observacions/xema/dades?codi=YU&dia=2026-10-07T12:30Z,10,"Període TU, TM °C, TX °C, TN °C, HRM %, PPT mm, VVM (10 m) km/h, DVM (10 m) graus, VVX (10 m) km/h, RS W/m 2",261,,,,78,,0.0,12:30 - 13:00,411,18.3,17.7,19.2,9.7,,,25.6,,,12:30 - 13:00,18.3,19.2,17.7,78,0.0,9.7,261,12:30 - 13:00,18.3,19.2,17.7,78,0.0,9.7,261,25.6,411,,25.6,411,,
YU,L'esquirol - Cantonigròs,LESQUIROL___CANTONIGROS_YU,2026-10-06,23:30 - 00:00,SÍ,OK,2026-10-07 13:17:17,00:00,https://www.meteo.cat/observacions/xema/dades?codi=YU&dia=2026-10-06T00:00Z,10,"Període TU, TM °C, TX °C, TN °C, HRM %, PPT mm, VVM (10 m) km/h, DVM (10 m) graus, VVX (10 m) km/h, RS W/m 2",239,,,,100,,0.0,23:30 - 00:00,0,14.7,14.3,14.9,10.8,,,20.9,,,23:30 - 00:00,14.7,14.9,14.3,100,0.0,10.8,239,23:30 - 00:00,14.7,14.9,14.3,100,0.0,10.8,239,20.9,0,,20.9,0,,
YU,L'esquirol - Cantonigròs,LESQUIROL___CANTONIGROS_YU,2026-10-06,23:00 - 23:30,SÍ,OK,2026-10-07 13:17:17,00:00,https://www.meteo.cat/observacions/xema/dades?codi=YU&dia=2026-10-06T00:00Z,10,"Període TU, TM °C, TX °C, TN °C, HRM %, PPT mm, VVM (10 m) km/h, DVM (10 m) graus, VVX (10 m) km/h, RS W/m 2",233,,,,100,,0.0,23:00 - 23:30,0,14.9,14.9,14.9,6.1,,,13.0,,,23:00 - 23:30,14.9,14.9,14.9,100,0.0,6.1,233,23:00 - 23:30,14.9,14.9,14.9,100,0.0,6.1,233,13.0,0,,13.0,0,,
YU,L'esquirol - Cantonigròs,LESQUIROL___CANTONIGROS_YU,2026-10-06,22:30 - 23:00,SÍ,OK,2026-10-07 13:17:17,00:00,https://www.meteo.cat/observacions/xema/dades?codi=YU&dia=2026-10-06T00:00Z,10,"Període TU, TM °C, TX °C, TN °C, HRM %, PPT mm, VVM (10 m) km/h, DVM (10 m) graus, VVX (10 m) km/h, RS W/m 2",245,,,,100,,0.0,22:30 - 23:00,0,14.9,14.9,14.9,5.0,,,11.9,,,22:30 - 23:00,14.9,14.9,14.9,100,0.0,5.0,245,22:30 - 23:00,14.9,14.9,14.9,100,0.0,5.0,245,11.9,0,,11.9,0,,
YU,L'esquirol - Cantonigròs,LESQUIROL___CANTONIGROS_YU,2026-10-06,22:00 - 22:30,SÍ,OK,2026-10-07 13:17:17,00:00,https://www.meteo.cat/observacions/xema/dades?codi=YU&dia=2026-10-06T00:00Z,10,"Període TU, TM °C, TX °C, TN °C, HRM %, PPT mm, VVM (10 m) km/h, DVM (10 m) graus, VVX (10 m) km/h, RS W/m 2",248,,,,100,,0.0,22:00 - 22:30,0,14.9,14.8,14.9,4.7,,,10.1,,,22:00 - 22:30,14.9,14.9,14.8,100,0.0,4.7,248,22:00 - 22:30,14.9,14.9,14.8,100,0.0,4.7,248,10.1,0,,10.1,0,,
ZE,La Coma i la Pedra - el Port del Comte (2.290 m),LA_COMA_I_LA_PEDRA___EL_PORT_DEL_COMTE_2290_M_ZE,2026-10-07,12:30 - 13:00,NO,OK,2026-10-07 13:17:20,12:30,https://www.meteo.cat/observacions/xema/dades?codi=ZE&dia=2026-10-07T12:30Z,10,"Període TU, TM °C, TX °C, TN °C, HRM %, PPT mm, VVM (10 m) km/h, DVM (10 m) graus, VVX (10 m) km/h, RS W/m 2",248,,,,81,,0.0,12:30 - 13:00,709,7.9,7.2,8.7,10.4,,,20.2,,,12:30 - 13:00,7.9,8.7,7.2,81,0.0,10.4,248,12:30 - 13:00,7.9,8.7,7.2,81,0.0,10.4,248,20.2,709,,20.2,709,,
ZE,La Coma i la Pedra - el Port del Comte (2.290 m),LA_COMA_I_LA_PEDRA___EL_PORT_DEL_COMTE_2290_M_ZE,2026-10-06,23:30 - 00:00,SÍ,OK,2026-10-07 13:17:22,00:00,https://www.meteo.cat/observacions/xema/dades?codi=ZE&dia=2026-10-06T00:00Z,11,"Període TU, TM °C, TX °C, TN °C, HRM %, PPT mm, GN cm, VVM (10 m) km/h, DVM (10 m) graus, VVX (10 m) km/h, RS W/m 2",271,,,,100,,0.0,23:30 - 00:00,0,6.1,5.5,6.3,17.6,,,28.8,,,23:30 - 00:00,6.1,6.3,5.5,100,0.0,,17.6,23:30 - 00:00,6.1,6.3,5.5,100,0.0,,17.6,271,28.8,0,271,28.8,0,
ZE,La Coma i la Pedra - el Port del Comte (2.290 m),LA_COMA_I_LA_PEDRA___EL_PORT_DEL_COMTE_2290_M_ZE,2026-10-06,23:00 - 23:30,SÍ,OK,2026-10-07 13:17:22,00:00,https://www.meteo.cat/observacions/xema/dades?codi=ZE&dia=2026-10-06T00:00Z,11,"Període TU, TM °C, TX °C, TN °C, HRM %, PPT mm, GN cm, VVM (10 m) km/h, DVM (10 m) graus, VVX (10 m) km/h, RS W/m 2",258,,,,100,,0.0,23:00 - 23:30,0,5.3,5.2,5.6,14.8,,,24.1,,,23:00 - 23:30,5.3,5.6,5.2,100,0.0,,14.8,23:00 - 23:30,5.3,5.6,5.2,100,0.0,,14.8,258,24.1,0,258,24.1,0,
ZE,La Coma i la Pedra - el Port del Comte (2.290 m),LA_COMA_I_LA_PEDRA___EL_PORT_DEL_COMTE_2290_M_ZE,2026-10-06,22:30 - 23:00,SÍ,OK,2026-10-07 13:17:22,00:00,https://www.meteo.cat/observacions/xema/dades?codi=ZE&dia=2026-10-06T00:00Z,11,"Període TU, TM °C, TX °C, TN °C, HRM %, PPT mm, GN cm, VVM (10 m) km/h, DVM (10 m) graus, VVX (10 m) km/h, RS W/m 2",257,,,,96,,0.0,22:30 - 23:00,0,6.0,5.7,6.1,13.7,,,22.3,,,22:30 - 23:00,6.0,6.1,5.7,96,0.0,,13.7,22:30 - 23:00,6.0,6.1,5.7,96,0.0,,13.7,257,22.3,0,257,22.3,0,
ZE,La Coma i la Pedra - el Port del Comte (2.290 m),LA_COMA_I_LA_PEDRA___EL_PORT_DEL_COMTE_2290_M_ZE,2026-10-06,22:00 - 22:30,SÍ,OK,2026-10-07 13:17:22,00:00,https://www.meteo.cat/observacions/xema/dades?codi=ZE&dia=2026-10-06T00:00Z,11,"Període TU, TM °C, TX °C, TN °C, HRM %, PPT mm, GN cm, VVM (10 m) km/h, DVM (10 m) graus, VVX (10 m) km/h, RS W/m 2",272,,,,95,,0.0,22:00 - 22:30,0,6.1,5.6,6.4,13.0,,,24.5,,,22:00 - 22:30,6.1,6.4,5.6,95,0.0,,13.0,22:00 - 22:30,6.1,6.4,5.6,95,0.0,,13.0,272,24.5,0,272,24.5,0,
CD,La Seu D'urgell - la Seu D'urgell - Bellestar,LA_SEU_DURGELL___LA_SEU_DURGELL___BELLESTAR_CD,2026-10-07,12:30 - 13:00,NO,OK,2026-10-07 13:17:25,12:30,https://www.meteo.cat/observacions/xema/dades?codi=CD&dia=2026-10-07T12:30Z,11,"Període TU, TM °C, TX °C, TN °C, HRM %, PPT mm, VVM (10 m) km/h, DVM (10 m) graus, VVX (10 m) km/h, PM hPa, RS W/m 2",229,,,,59,1008.3,0.0,12:30 - 13:00,712,20.6,20.2,21.3,11.2,,,24.5,,,12:30 - 13:00,20.6,21.3,20.2,59,0.0,11.2,229,12:30 - 13:00,20.6,21.3,20.2,59,0.0,11.2,229,24.5,1008.3,712,24.5,1008.3,712,
CD,La Seu D'urgell - la Seu D'urgell - Bellestar,LA_SEU_DURGELL___LA_SEU_DURGELL___BELLESTAR_CD,2026-10-06,23:30 - 00:00,SÍ,OK,2026-10-07 13:17:27,00:00,https://www.meteo.cat/observacions/xema/dades?codi=CD&dia=2026-10-06T00:00Z,11,"Període TU, TM °C, TX °C, TN °C, HRM %, PPT mm, VVM (10 m) km/h, DVM (10 m) graus, VVX (10 m) km/h, PM hPa, RS W/m 2",113,,,,99,1014.4,0.0,23:30 - 00:00,0,14.2,14.1,14.3,2.2,,,5.0,,,23:30 - 00:00,14.2,14.3,14.1,99,0.0,2.2,113,23:30 - 00:00,14.2,14.3,14.1,99,0.0,2.2,113,5.0,1014.4,0,5.0,1014.4,0,
CD,La Seu D'urgell - la Seu D'urgell - Bellestar,LA_SEU_DURGELL___LA_SEU_DURGELL___BELLESTAR_CD,2026-10-06,23:00 - 23:30,SÍ,OK,2026-10-07 13:17:27,00:00,https://www.meteo.cat/observacions/xema/dades?codi=CD&dia=2026-10-06T00:00Z,11,"Període TU, TM °C, TX °C, TN °C, HRM %, PPT mm, VVM (10 m) km/h, DVM (10 m) graus, VVX (10 m) km/h, PM hPa, RS W/m 2",225,,,,99,1014.6,0.0,23:00 - 23:30,0,14.0,13.9,14.2,0.7,,,3.6,,,23:00 - 23:30,14.0,14.2,13.9,99,0.0,0.7,225,23:00 - 23:30,14.0,14.2,13.9,99,0.0,0.7,225,3.6,1014.6,0,3.6,1014.6,0,
CD,La Seu D'urgell - la Seu D'urgell - Bellestar,LA_SEU_DURGELL___LA_SEU_DURGELL___BELLESTAR_CD,2026-10-06,22:30 - 23:00,SÍ,OK,2026-10-07 13:17:27,00:00,https://www.meteo.cat/observacions/xema/dades?codi=CD&dia=2026-10-06T00:00Z,11,"Període TU, TM °C, TX °C, TN °C, HRM %, PPT mm, VVM (10 m) km/h, DVM (10 m) graus, VVX (10 m) km/h, PM hPa, RS W/m 2",297,,,,99,1014.7,0.0,22:30 - 23:00,0,14.0,13.9,14.2,2.5,,,5.8,,,22:30 - 23:00,14.0,14.2,13.9,99,0.0,2.5,297,22:30 - 23:00,14.0,14.2,13.9,99,0.0,2.5,297,5.8,1014.7,0,5.8,1014.7,0,
CD,La Seu D'urgell - la Seu D'urgell - Bellestar,LA_SEU_DURGELL___LA_SEU_DURGELL___BELLESTAR_CD,2026-10-06,22:00 - 22:30,SÍ,OK,2026-10-07 13:17:27,00:00,https://www.meteo.cat/observacions/xema/dades?codi=CD&dia=2026-10-06T00:00Z,11,"Període TU, TM °C, TX °C, TN °C, HRM %, PPT mm, VVM (10 m) km/h, DVM (10 m) graus, VVX (10 m) km/h, PM hPa, RS W/m 2",270,,,,99,1014.7,0.1,22:00 - 22:30,0,14.3,14.2,14.4,5.4,,,9.0,,,22:00 - 22:30,14.3,14.4,14.2,99,0.1,5.4,270,22:00 - 22:30,14.3,14.4,14.2,99,0.1,5.4,270,9.0,1014.7,0,9.0,1014.7,0,
Z2,La Vall de Boí - Boí (2.535 m),LA_VALL_DE_BOI___BOI_2535_M_Z2,2026-10-07,12:30 - 13:00,NO,OK,2026-10-07 13:17:31,12:30,https://www.meteo.cat/observacions/xema/dades?codi=Z2&dia=2026-10-07T12:30Z,11,"Període TU, TM °C, TX °C, TN °C, HRM %, PPT mm, GN cm, VVM (6 m) km/h, DVM (6 m) graus, VVX (6 m) km/h, RS W/m 2",,,273,5,95,,0.1,12:30 - 13:00,261,4.5,4.4,4.7,,,6.8,,,16.2,12:30 - 13:00,4.5,4.7,4.4,95,0.1,5,6.8,12:30 - 13:00,4.5,4.7,4.4,95,0.1,5,6.8,273,16.2,261,273,16.2,261,
Z2,La Vall de Boí - Boí (2.535 m),LA_VALL_DE_BOI___BOI_2535_M_Z2,2026-10-06,23:30 - 00:00,SÍ,OK,2026-10-07 13:17:33,00:00,https://www.meteo.cat/observacions/xema/dades?codi=Z2&dia=2026-10-06T00:00Z,11,"Període TU, TM °C, TX °C, TN °C, HRM %, PPT mm, GN cm, VVM (6 m) km/h, DVM (6 m) graus, VVX (6 m) km/h, RS W/m 2",,,317,5,97,,0.0,23:30 - 00:00,0,4.4,4.3,4.5,,,13.3,,,20.2,23:30 - 00:00,4.4,4.5,4.3,97,0.0,5,13.3,23:30 - 00:00,4.4,4.5,4.3,97,0.0,5,13.3,317,20.2,0,317,20.2,0,
Z2,La Vall de Boí - Boí (2.535 m),LA_VALL_DE_BOI___BOI_2535_M_Z2,2026-10-06,23:00 - 23:30,SÍ,OK,2026-10-07 13:17:33,00:00,https://www.meteo.cat/observacions/xema/dades?codi=Z2&dia=2026-10-06T00:00Z,11,"Període TU, TM °C, TX °C, TN °C, HRM %, PPT mm, GN cm, VVM (6 m) km/h, DVM (6 m) graus, VVX (6 m) km/h, RS W/m 2",,,312,5,98,,0.0,23:00 - 23:30,0,4.5,4.3,4.9,,,11.9,,,20.9,23:00 - 23:30,4.5,4.9,4.3,98,0.0,5,11.9,23:00 - 23:30,4.5,4.9,4.3,98,0.0,5,11.9,312,20.9,0,312,20.9,0,
Z2,La Vall de Boí - Boí (2.535 m),LA_VALL_DE_BOI___BOI_2535_M_Z2,2026-10-06,22:30 - 23:00,SÍ,OK,2026-10-07 13:17:33,00:00,https://www.meteo.cat/observacions/xema/dades?codi=Z2&dia=2026-10-06T00:00Z,11,"Període TU, TM °C, TX °C, TN °C, HRM %, PPT mm, GN cm, VVM (6 m) km/h, DVM (6 m) graus, VVX (6 m) km/h, RS W/m 2",,,315,5,98,,0.0,22:30 - 23:00,0,4.6,4.5,4.8,,,13.0,,,17.6,22:30 - 23:00,4.6,4.8,4.5,98,0.0,5,13.0,22:30 - 23:00,4.6,4.8,4.5,98,0.0,5,13.0,315,17.6,0,315,17.6,0,
Z2,La Vall de Boí - Boí (2.535 m),LA_VALL_DE_BOI___BOI_2535_M_Z2,2026-10-06,22:00 - 22:30,SÍ,OK,2026-10-07 13:17:33,00:00,https://www.meteo.cat/observacions/xema/dades?codi=Z2&dia=2026-10-06T00:00Z,11,"Període TU, TM °C, TX °C, TN °C, HRM %, PPT mm, GN cm, VVM (6 m) km/h, DVM (6 m) graus, VVX (6 m) km/h, RS W/m 2",,,297,5,95,,0.0,22:00 - 22:30,0,4.6,4.2,5.0,,,10.4,,,18.4,22:00 - 22:30,4.6,5.0,4.2,95,0.0,5,10.4,22:00 - 22:30,4.6,5.0,4.2,95,0.0,5,10.4,297,18.4,0,297,18.4,0,
Z5,Lladorre - Certascan (2.400 m),LLADORRE___CERTASCAN_2400_M_Z5,2026-10-07,12:30 - 13:00,NO,OK,2026-10-07 13:17:36,12:30,https://www.meteo.cat/observacions/xema/dades?codi=Z5&dia=2026-10-07T12:30Z,10,"Període TU, TM °C, TX °C, TN °C, HRM %, PPT mm, VVM (6 m) km/h, DVM (6 m) graus, VVX (6 m) km/h, RS W/m 2",,,232,,98,,0.4,12:30 - 13:00,54,5.5,5.2,6.3,,,10.8,,,22.7,12:30 - 13:00,5.5,6.3,5.2,98,0.4,10.8,232,12:30 - 13:00,5.5,6.3,5.2,98,0.4,10.8,232,22.7,54,,22.7,54,,
Z5,Lladorre - Certascan (2.400 m),LLADORRE___CERTASCAN_2400_M_Z5,2026-10-06,23:30 - 00:00,SÍ,OK,2026-10-07 13:17:38,00:00,https://www.meteo.cat/observacions/xema/dades?codi=Z5&dia=2026-10-06T00:00Z,11,"Període TU, TM °C, TX °C, TN °C, HRM %, PPT mm, GN cm, VVM (6 m) km/h, DVM (6 m) graus, VVX (6 m) km/h, RS W/m 2",,,225,,100,,0.0,23:30 - 00:00,0,5.6,5.4,5.7,,,2.9,,,11.2,23:30 - 00:00,5.6,5.7,5.4,100,0.0,,2.9,23:30 - 00:00,5.6,5.7,5.4,100,0.0,,2.9,225,11.2,0,225,11.2,0,
Z5,Lladorre - Certascan (2.400 m),LLADORRE___CERTASCAN_2400_M_Z5,2026-10-06,23:00 - 23:30,SÍ,OK,2026-10-07 13:17:38,00:00,https://www.meteo.cat/observacions/xema/dades?codi=Z5&dia=2026-10-06T00:00Z,11,"Període TU, TM °C, TX °C, TN °C, HRM %, PPT mm, GN cm, VVM (6 m) km/h, DVM (6 m) graus, VVX (6 m) km/h, RS W/m 2",,,159,,99,,0.0,23:00 - 23:30,0,5.7,5.7,5.9,,,4.0,,,10.1,23:00 - 23:30,5.7,5.9,5.7,99,0.0,,4.0,23:00 - 23:30,5.7,5.9,5.7,99,0.0,,4.0,159,10.1,0,159,10.1,0,
Z5,Lladorre - Certascan (2.400 m),LLADORRE___CERTASCAN_2400_M_Z5,2026-10-06,22:30 - 23:00,SÍ,OK,2026-10-07 13:17:38,00:00,https://www.meteo.cat/observacions/xema/dades?codi=Z5&dia=2026-10-06T00:00Z,11,"Període TU, TM °C, TX °C, TN °C, HRM %, PPT mm, GN cm, VVM (6 m) km/h, DVM (6 m) graus, VVX (6 m) km/h, RS W/m 2",,,188,,99,,0.0,22:30 - 23:00,0,6.0,5.9,6.1,,,4.0,,,11.2,22:30 - 23:00,6.0,6.1,5.9,99,0.0,,4.0,22:30 - 23:00,6.0,6.1,5.9,99,0.0,,4.0,188,11.2,0,188,11.2,0,
Z5,Lladorre - Certascan (2.400 m),LLADORRE___CERTASCAN_2400_M_Z5,2026-10-06,22:00 - 22:30,SÍ,OK,2026-10-07 13:17:38,00:00,https://www.meteo.cat/observacions/xema/dades?codi=Z5&dia=2026-10-06T00:00Z,11,"Període TU, TM °C, TX °C, TN °C, HRM %, PPT mm, GN cm, VVM (6 m) km/h, DVM (6 m) graus, VVX (6 m) km/h, RS W/m 2",,,169,,98,,0.0,22:00 - 22:30,0,6.0,5.9,6.1,,,5.4,,,11.9,22:00 - 22:30,6.0,6.1,5.9,98,0.0,,5.4,22:00 - 22:30,6.0,6.1,5.9,98,0.0,,5.4,169,11.9,0,169,11.9,0,
VK,Lleida - Raimat,LLEIDA___RAIMAT_VK,2026-10-07,12:30 - 13:00,NO,OK,2026-10-07 13:17:41,12:30,https://www.meteo.cat/observacions/xema/dades?codi=VK&dia=2026-10-07T12:30Z,11,"Període TU, TM °C, TX °C, TN °C, HRM %, PPT mm, VVM (10 m) km/h, DVM (10 m) graus, VVX (10 m) km/h, PM hPa, RS W/m 2",278,,,,62,1011.4,0.0,12:30 - 13:00,439,22.2,21.6,23.5,13.7,,,23.8,,,12:30 - 13:00,22.2,23.5,21.6,62,0.0,13.7,278,12:30 - 13:00,22.2,23.5,21.6,62,0.0,13.7,278,23.8,1011.4,439,23.8,1011.4,439,
VK,Lleida - Raimat,LLEIDA___RAIMAT_VK,2026-10-06,23:30 - 00:00,SÍ,OK,2026-10-07 13:17:43,00:00,https://www.meteo.cat/observacions/xema/dades?codi=VK&dia=2026-10-06T00:00Z,11,"Període TU, TM °C, TX °C, TN °C, HRM %, PPT mm, VVM (10 m) km/h, DVM (10 m) graus, VVX (10 m) km/h, PM hPa, RS W/m 2",81,,,,100,1014.3,0.0,23:30 - 00:00,0,16.1,15.8,16.3,4.0,,,7.6,,,23:30 - 00:00,16.1,16.3,15.8,100,0.0,4.0,81,23:30 - 00:00,16.1,16.3,15.8,100,0.0,4.0,81,7.6,1014.3,0,7.6,1014.3,0,
VK,Lleida - Raimat,LLEIDA___RAIMAT_VK,2026-10-06,23:00 - 23:30,SÍ,OK,2026-10-07 13:17:43,00:00,https://www.meteo.cat/observacions/xema/dades?codi=VK&dia=2026-10-06T00:00Z,11,"Període TU, TM °C, TX °C, TN °C, HRM %, PPT mm, VVM (10 m) km/h, DVM (10 m) graus, VVX (10 m) km/h, PM hPa, RS W/m 2",100,,,,100,1014.3,0.0,23:00 - 23:30,0,16.4,16.3,16.4,6.1,,,10.4,,,23:00 - 23:30,16.4,16.4,16.3,100,0.0,6.1,100,23:00 - 23:30,16.4,16.4,16.3,100,0.0,6.1,100,10.4,1014.3,0,10.4,1014.3,0,
VK,Lleida - Raimat,LLEIDA___RAIMAT_VK,2026-10-06,22:30 - 23:00,SÍ,OK,2026-10-07 13:17:43,00:00,https://www.meteo.cat/observacions/xema/dades?codi=VK&dia=2026-10-06T00:00Z,11,"Període TU, TM °C, TX °C, TN °C, HRM %, PPT mm, VVM (10 m) km/h, DVM (10 m) graus, VVX (10 m) km/h, PM hPa, RS W/m 2",113,,,,100,1014.6,0.0,22:30 - 23:00,0,16.6,16.4,16.7,4.0,,,8.6,,,22:30 - 23:00,16.6,16.7,16.4,100,0.0,4.0,113,22:30 - 23:00,16.6,16.7,16.4,100,0.0,4.0,113,8.6,1014.6,0,8.6,1014.6,0,
VK,Lleida - Raimat,LLEIDA___RAIMAT_VK,2026-10-06,22:00 - 22:30,SÍ,OK,2026-10-07 13:17:43,00:00,https://www.meteo.cat/observacions/xema/dades?codi=VK&dia=2026-10-06T00:00Z,11,"Període TU, TM °C, TX °C, TN °C, HRM %, PPT mm, VVM (10 m) km/h, DVM (10 m) graus, VVX (10 m) km/h, PM hPa, RS W/m 2",129,,,,100,1014.7,0.0,22:00 - 22:30,0,16.8,16.7,17.1,6.1,,,8.3,,,22:00 - 22:30,16.8,17.1,16.7,100,0.0,6.1,129,22:00 - 22:30,16.8,17.1,16.7,100,0.0,6.1,129,8.3,1014.7,0,8.3,1014.7,0,
Z3,Meranges - Malniu (2.230 m),MERANGES___MALNIU_2230_M_Z3,2026-10-07,12:30 - 13:00,NO,OK,2026-10-07 13:17:46,12:30,https://www.meteo.cat/observacions/xema/dades?codi=Z3&dia=2026-10-07T12:30Z,10,"Període TU, TM °C, TX °C, TN °C, HRM %, PPT mm, VVM (6 m) km/h, DVM (6 m) graus, VVX (6 m) km/h, RS W/m 2",,,190,,84,,0.0,12:30 - 13:00,508,8.9,8.3,10.3,,,5.8,,,19.1,12:30 - 13:00,8.9,10.3,8.3,84,0.0,5.8,190,12:30 - 13:00,8.9,10.3,8.3,84,0.0,5.8,190,19.1,508,,19.1,508,,
Z3,Meranges - Malniu (2.230 m),MERANGES___MALNIU_2230_M_Z3,2026-10-06,23:30 - 00:00,SÍ,OK,2026-10-07 13:17:48,00:00,https://www.meteo.cat/observacions/xema/dades?codi=Z3&dia=2026-10-06T00:00Z,11,"Període TU, TM °C, TX °C, TN °C, HRM %, PPT mm, GN cm, VVM (6 m) km/h, DVM (6 m) graus, VVX (6 m) km/h, RS W/m 2",,,277,,85,,0.0,23:30 - 00:00,0,6.8,6.6,7.0,,,1.8,,,7.9,23:30 - 00:00,6.8,7.0,6.6,85,0.0,,1.8,23:30 - 00:00,6.8,7.0,6.6,85,0.0,,1.8,277,7.9,0,277,7.9,0,
Z3,Meranges - Malniu (2.230 m),MERANGES___MALNIU_2230_M_Z3,2026-10-06,23:00 - 23:30,SÍ,OK,2026-10-07 13:17:48,00:00,https://www.meteo.cat/observacions/xema/dades?codi=Z3&dia=2026-10-06T00:00Z,11,"Període TU, TM °C, TX °C, TN °C, HRM %, PPT mm, GN cm, VVM (6 m) km/h, DVM (6 m) graus, VVX (6 m) km/h, RS W/m 2",,,281,,86,,0.0,23:00 - 23:30,0,6.8,6.5,7.1,,,4.0,,,12.2,23:00 - 23:30,6.8,7.1,6.5,86,0.0,,4.0,23:00 - 23:30,6.8,7.1,6.5,86,0.0,,4.0,281,12.2,0,281,12.2,0,
Z3,Meranges - Malniu (2.230 m),MERANGES___MALNIU_2230_M_Z3,2026-10-06,22:30 - 23:00,SÍ,OK,2026-10-07 13:17:48,00:00,https://www.meteo.cat/observacions/xema/dades?codi=Z3&dia=2026-10-06T00:00Z,11,"Període TU, TM °C, TX °C, TN °C, HRM %, PPT mm, GN cm, VVM (6 m) km/h, DVM (6 m) graus, VVX (6 m) km/h, RS W/m 2",,,296,,88,,0.0,22:30 - 23:00,0,6.7,6.5,7.0,,,2.5,,,7.6,22:30 - 23:00,6.7,7.0,6.5,88,0.0,,2.5,22:30 - 23:00,6.7,7.0,6.5,88,0.0,,2.5,296,7.6,0,296,7.6,0,
Z3,Meranges - Malniu (2.230 m),MERANGES___MALNIU_2230_M_Z3,2026-10-06,22:00 - 22:30,SÍ,OK,2026-10-07 13:17:48,00:00,https://www.meteo.cat/observacions/xema/dades?codi=Z3&dia=2026-10-06T00:00Z,11,"Període TU, TM °C, TX °C, TN °C, HRM %, PPT mm, GN cm, VVM (6 m) km/h, DVM (6 m) graus, VVX (6 m) km/h, RS W/m 2",,,321,,93,,0.0,22:00 - 22:30,0,6.7,6.6,6.9,,,1.8,,,6.5,22:00 - 22:30,6.7,6.9,6.6,93,0.0,,1.8,22:00 - 22:30,6.7,6.9,6.6,93,0.0,,1.8,321,6.5,0,321,6.5,0,
CG,Molló - Fabert,MOLLO___FABERT_CG,2026-10-07,12:30 - 13:00,NO,OK,2026-10-07 13:17:51,12:30,https://www.meteo.cat/observacions/xema/dades?codi=CG&dia=2026-10-07T12:30Z,12,"Període TU, TM °C, TX °C, TN °C, HRM %, PPT mm, GN cm, VVM (10 m) km/h, DVM (10 m) graus, VVX (10 m) km/h, PM hPa, RS W/m 2",167,,,3,90,1009.5,0.1,12:30 - 13:00,75,13.6,13.2,14.3,10.4,,,23.4,,,12:30 - 13:00,13.6,14.3,13.2,90,0.1,3,10.4,12:30 - 13:00,13.6,14.3,13.2,90,0.1,3,10.4,167,23.4,1009.5,167,23.4,1009.5,75
CG,Molló - Fabert,MOLLO___FABERT_CG,2026-10-06,23:30 - 00:00,SÍ,OK,2026-10-07 13:17:53,00:00,https://www.meteo.cat/observacions/xema/dades?codi=CG&dia=2026-10-06T00:00Z,12,"Període TU, TM °C, TX °C, TN °C, HRM %, PPT mm, GN cm, VVM (10 m) km/h, DVM (10 m) graus, VVX (10 m) km/h, PM hPa, RS W/m 2",213,,,6,96,1013.2,0.0,23:30 - 00:00,0,10.8,10.7,10.9,2.2,,,7.6,,,23:30 - 00:00,10.8,10.9,10.7,96,0.0,6,2.2,23:30 - 00:00,10.8,10.9,10.7,96,0.0,6,2.2,213,7.6,1013.2,213,7.6,1013.2,0
CG,Molló - Fabert,MOLLO___FABERT_CG,2026-10-06,23:00 - 23:30,SÍ,OK,2026-10-07 13:17:53,00:00,https://www.meteo.cat/observacions/xema/dades?codi=CG&dia=2026-10-06T00:00Z,12,"Període TU, TM °C, TX °C, TN °C, HRM %, PPT mm, GN cm, VVM (10 m) km/h, DVM (10 m) graus, VVX (10 m) km/h, PM hPa, RS W/m 2",232,,,4,97,1013.2,0.1,23:00 - 23:30,0,11.2,10.6,11.4,2.5,,,10.1,,,23:00 - 23:30,11.2,11.4,10.6,97,0.1,4,2.5,23:00 - 23:30,11.2,11.4,10.6,97,0.1,4,2.5,232,10.1,1013.2,232,10.1,1013.2,0
CG,Molló - Fabert,MOLLO___FABERT_CG,2026-10-06,22:30 - 23:00,SÍ,OK,2026-10-07 13:17:53,00:00,https://www.meteo.cat/observacions/xema/dades?codi=CG&dia=2026-10-06T00:00Z,12,"Període TU, TM °C, TX °C, TN °C, HRM %, PPT mm, GN cm, VVM (10 m) km/h, DVM (10 m) graus, VVX (10 m) km/h, PM hPa, RS W/m 2",204,,,6,100,1013.5,0.1,22:30 - 23:00,0,11.8,11.5,12.1,5.4,,,12.6,,,22:30 - 23:00,11.8,12.1,11.5,100,0.1,6,5.4,22:30 - 23:00,11.8,12.1,11.5,100,0.1,6,5.4,204,12.6,1013.5,204,12.6,1013.5,0
CG,Molló - Fabert,MOLLO___FABERT_CG,2026-10-06,22:00 - 22:30,SÍ,OK,2026-10-07 13:17:53,00:00,https://www.meteo.cat/observacions/xema/dades?codi=CG&dia=2026-10-06T00:00Z,12,"Període TU, TM °C, TX °C, TN °C, HRM %, PPT mm, GN cm, VVM (10 m) km/h, DVM (10 m) graus, VVX (10 m) km/h, PM hPa, RS W/m 2",179,,,6,100,1013.6,0.0,22:00 - 22:30,0,12.0,12.0,12.1,7.6,,,19.1,,,22:00 - 22:30,12.0,12.1,12.0,100,0.0,6,7.6,22:00 - 22:30,12.0,12.1,12.0,100,0.0,6,7.6,179,19.1,1013.6,179,19.1,1013.6,0
Z9,Montellà i Martinet - Cadí Nord (2.143 m) - Prat D'aguiló,MONTELLA_I_MARTINET___CADI_NORD_2143_M___PRAT_DAGU,2026-10-07,12:30 - 13:00,NO,OK,2026-10-07 13:17:55,12:30,https://www.meteo.cat/observacions/xema/dades?codi=Z9&dia=2026-10-07T12:30Z,11,"Període TU, TM °C, TX °C, TN °C, HRM %, PPT mm, GN cm, VVM (10 m) km/h, DVM (10 m) graus, VVX (10 m) km/h, RS W/m 2",297,,,1,88,,0.0,12:30 - 13:00,515,9.0,8.4,9.6,4.7,,,11.5,,,12:30 - 13:00,9.0,9.6,8.4,88,0.0,1,4.7,12:30 - 13:00,9.0,9.6,8.4,88,0.0,1,4.7,297,11.5,515,297,11.5,515,
Z9,Montellà i Martinet - Cadí Nord (2.143 m) - Prat D'aguiló,MONTELLA_I_MARTINET___CADI_NORD_2143_M___PRAT_DAGU,2026-10-06,23:30 - 00:00,SÍ,OK,2026-10-07 13:17:57,00:00,https://www.meteo.cat/observacions/xema/dades?codi=Z9&dia=2026-10-06T00:00Z,11,"Període TU, TM °C, TX °C, TN °C, HRM %, PPT mm, GN cm, VVM (10 m) km/h, DVM (10 m) graus, VVX (10 m) km/h, RS W/m 2",242,,,1,91,,0.0,23:30 - 00:00,0,6.1,6.0,6.3,10.4,,,18.7,,,23:30 - 00:00,6.1,6.3,6.0,91,0.0,1,10.4,23:30 - 00:00,6.1,6.3,6.0,91,0.0,1,10.4,242,18.7,0,242,18.7,0,
Z9,Montellà i Martinet - Cadí Nord (2.143 m) - Prat D'aguiló,MONTELLA_I_MARTINET___CADI_NORD_2143_M___PRAT_DAGU,2026-10-06,23:00 - 23:30,SÍ,OK,2026-10-07 13:17:57,00:00,https://www.meteo.cat/observacions/xema/dades?codi=Z9&dia=2026-10-06T00:00Z,11,"Període TU, TM °C, TX °C, TN °C, HRM %, PPT mm, GN cm, VVM (10 m) km/h, DVM (10 m) graus, VVX (10 m) km/h, RS W/m 2",240,,,1,92,,0.0,23:00 - 23:30,0,6.1,6.0,6.3,10.4,,,19.1,,,23:00 - 23:30,6.1,6.3,6.0,92,0.0,1,10.4,23:00 - 23:30,6.1,6.3,6.0,92,0.0,1,10.4,240,19.1,0,240,19.1,0,
Z9,Montellà i Martinet - Cadí Nord (2.143 m) - Prat D'aguiló,MONTELLA_I_MARTINET___CADI_NORD_2143_M___PRAT_DAGU,2026-10-06,22:30 - 23:00,SÍ,OK,2026-10-07 13:17:57,00:00,https://www.meteo.cat/observacions/xema/dades?codi=Z9&dia=2026-10-06T00:00Z,11,"Període TU, TM °C, TX °C, TN °C, HRM %, PPT mm, GN cm, VVM (10 m) km/h, DVM (10 m) graus, VVX (10 m) km/h, RS W/m 2",235,,,1,95,,0.0,22:30 - 23:00,0,6.1,5.9,6.1,10.1,,,18.7,,,22:30 - 23:00,6.1,6.1,5.9,95,0.0,1,10.1,22:30 - 23:00,6.1,6.1,5.9,95,0.0,1,10.1,235,18.7,0,235,18.7,0,
Z9,Montellà i Martinet - Cadí Nord (2.143 m) - Prat D'aguiló,MONTELLA_I_MARTINET___CADI_NORD_2143_M___PRAT_DAGU,2026-10-06,22:00 - 22:30,SÍ,OK,2026-10-07 13:17:57,00:00,https://www.meteo.cat/observacions/xema/dades?codi=Z9&dia=2026-10-06T00:00Z,11,"Període TU, TM °C, TX °C, TN °C, HRM %, PPT mm, GN cm, VVM (10 m) km/h, DVM (10 m) graus, VVX (10 m) km/h, RS W/m 2",218,,,1,97,,0.0,22:00 - 22:30,0,6.1,5.9,6.4,9.0,,,13.7,,,22:00 - 22:30,6.1,6.4,5.9,97,0.0,1,9.0,22:00 - 22:30,6.1,6.4,5.9,97,0.0,1,9.0,218,13.7,0,218,13.7,0,
YB,Olot,OLOT_YB,2026-10-07,12:30 - 13:00,NO,OK,2026-10-07 13:18:00,12:30,https://www.meteo.cat/observacions/xema/dades?codi=YB&dia=2026-10-07T12:30Z,11,"Període TU, TM °C, TX °C, TN °C, HRM %, PPT mm, VVM (10 m) km/h, DVM (10 m) graus, VVX (10 m) km/h, PM hPa, RS W/m 2",210,,,,53,1008.8,0.0,12:30 - 13:00,661,24.6,24.3,24.8,9.4,,,21.6,,,12:30 - 13:00,24.6,24.8,24.3,53,0.0,9.4,210,12:30 - 13:00,24.6,24.8,24.3,53,0.0,9.4,210,21.6,1008.8,661,21.6,1008.8,661,
YB,Olot,OLOT_YB,2026-10-06,23:30 - 00:00,SÍ,OK,2026-10-07 13:18:02,00:00,https://www.meteo.cat/observacions/xema/dades?codi=YB&dia=2026-10-06T00:00Z,11,"Període TU, TM °C, TX °C, TN °C, HRM %, PPT mm, VVM (10 m) km/h, DVM (10 m) graus, VVX (10 m) km/h, PM hPa, RS W/m 2",268,,,,98,1012.9,0.0,23:30 - 00:00,0,16.3,15.8,16.7,1.8,,,5.0,,,23:30 - 00:00,16.3,16.7,15.8,98,0.0,1.8,268,23:30 - 00:00,16.3,16.7,15.8,98,0.0,1.8,268,5.0,1012.9,0,5.0,1012.9,0,
YB,Olot,OLOT_YB,2026-10-06,23:00 - 23:30,SÍ,OK,2026-10-07 13:18:02,00:00,https://www.meteo.cat/observacions/xema/dades?codi=YB&dia=2026-10-06T00:00Z,11,"Període TU, TM °C, TX °C, TN °C, HRM %, PPT mm, VVM (10 m) km/h, DVM (10 m) graus, VVX (10 m) km/h, PM hPa, RS W/m 2",188,,,,98,1013.0,0.0,23:00 - 23:30,0,16.7,16.5,16.8,1.1,,,4.0,,,23:00 - 23:30,16.7,16.8,16.5,98,0.0,1.1,188,23:00 - 23:30,16.7,16.8,16.5,98,0.0,1.1,188,4.0,1013.0,0,4.0,1013.0,0,
YB,Olot,OLOT_YB,2026-10-06,22:30 - 23:00,SÍ,OK,2026-10-07 13:18:02,00:00,https://www.meteo.cat/observacions/xema/dades?codi=YB&dia=2026-10-06T00:00Z,11,"Període TU, TM °C, TX °C, TN °C, HRM %, PPT mm, VVM (10 m) km/h, DVM (10 m) graus, VVX (10 m) km/h, PM hPa, RS W/m 2",289,,,,98,1013.6,0.1,22:30 - 23:00,0,16.8,16.7,16.9,1.1,,,4.7,,,22:30 - 23:00,16.8,16.9,16.7,98,0.1,1.1,289,22:30 - 23:00,16.8,16.9,16.7,98,0.1,1.1,289,4.7,1013.6,0,4.7,1013.6,0,
YB,Olot,OLOT_YB,2026-10-06,22:00 - 22:30,SÍ,OK,2026-10-07 13:18:02,00:00,https://www.meteo.cat/observacions/xema/dades?codi=YB&dia=2026-10-06T00:00Z,11,"Període TU, TM °C, TX °C, TN °C, HRM %, PPT mm, VVM (10 m) km/h, DVM (10 m) graus, VVX (10 m) km/h, PM hPa, RS W/m 2",196,,,,98,1013.9,0.0,22:00 - 22:30,0,17.1,17.0,17.2,1.4,,,4.0,,,22:00 - 22:30,17.1,17.2,17.0,98,0.0,1.4,196,22:00 - 22:30,17.1,17.2,17.0,98,0.0,1.4,196,4.0,1013.9,0,4.0,1013.9,0,
YP,Palafrugell,PALAFRUGELL_YP,2026-10-07,12:00 - 12:30,NO,OK,2026-10-07 13:18:05,12:30,https://www.meteo.cat/observacions/xema/dades?codi=YP&dia=2026-10-07T12:30Z,10,"Període TU, TM °C, TX °C, TN °C, HRM %, PPT mm, VVM (10 m) km/h, DVM (10 m) graus, VVX (10 m) km/h, RS W/m 2",184,,,,80,,0.0,12:00 - 12:30,608,23.8,23.4,24.4,13.7,,,25.2,,,12:00 - 12:30,23.8,24.4,23.4,80,0.0,13.7,184,12:00 - 12:30,23.8,24.4,23.4,80,0.0,13.7,184,25.2,608,,25.2,608,,
YP,Palafrugell,PALAFRUGELL_YP,2026-10-06,23:30 - 00:00,SÍ,OK,2026-10-07 13:18:07,00:00,https://www.meteo.cat/observacions/xema/dades?codi=YP&dia=2026-10-06T00:00Z,10,"Període TU, TM °C, TX °C, TN °C, HRM %, PPT mm, VVM (10 m) km/h, DVM (10 m) graus, VVX (10 m) km/h, RS W/m 2",207,,,,98,,0.0,23:30 - 00:00,0,18.4,18.3,18.5,11.9,,,19.4,,,23:30 - 00:00,18.4,18.5,18.3,98,0.0,11.9,207,23:30 - 00:00,18.4,18.5,18.3,98,0.0,11.9,207,19.4,0,,19.4,0,,
YP,Palafrugell,PALAFRUGELL_YP,2026-10-06,23:00 - 23:30,SÍ,OK,2026-10-07 13:18:07,00:00,https://www.meteo.cat/observacions/xema/dades?codi=YP&dia=2026-10-06T00:00Z,10,"Període TU, TM °C, TX °C, TN °C, HRM %, PPT mm, VVM (10 m) km/h, DVM (10 m) graus, VVX (10 m) km/h, RS W/m 2",232,,,,98,,0.1,23:00 - 23:30,0,18.6,18.5,18.6,4.0,,,9.7,,,23:00 - 23:30,18.6,18.6,18.5,98,0.1,4.0,232,23:00 - 23:30,18.6,18.6,18.5,98,0.1,4.0,232,9.7,0,,9.7,0,,
YP,Palafrugell,PALAFRUGELL_YP,2026-10-06,22:30 - 23:00,SÍ,OK,2026-10-07 13:18:07,00:00,https://www.meteo.cat/observacions/xema/dades?codi=YP&dia=2026-10-06T00:00Z,10,"Període TU, TM °C, TX °C, TN °C, HRM %, PPT mm, VVM (10 m) km/h, DVM (10 m) graus, VVX (10 m) km/h, RS W/m 2",192,,,,98,,1.9,22:30 - 23:00,0,18.5,18.5,18.6,6.8,,,15.1,,,22:30 - 23:00,18.5,18.6,18.5,98,1.9,6.8,192,22:30 - 23:00,18.5,18.6,18.5,98,1.9,6.8,192,15.1,0,,15.1,0,,
YP,Palafrugell,PALAFRUGELL_YP,2026-10-06,22:00 - 22:30,SÍ,OK,2026-10-07 13:18:07,00:00,https://www.meteo.cat/observacions/xema/dades?codi=YP&dia=2026-10-06T00:00Z,10,"Període TU, TM °C, TX °C, TN °C, HRM %, PPT mm, VVM (10 m) km/h, DVM (10 m) graus, VVX (10 m) km/h, RS W/m 2",188,,,,94,,1.0,22:00 - 22:30,0,19.2,18.5,21.1,14.8,,,33.1,,,22:00 - 22:30,19.2,21.1,18.5,94,1.0,14.8,188,22:00 - 22:30,19.2,21.1,18.5,94,1.0,14.8,188,33.1,0,,33.1,0,,
J5,Pantà de Darnius - Boadella,PANTA_DE_DARNIUS___BOADELLA_J5,2026-10-07,12:30 - 13:00,NO,OK,2026-10-07 13:18:09,12:30,https://www.meteo.cat/observacions/xema/dades?codi=J5&dia=2026-10-07T12:30Z,11,"Període TU, TM °C, TX °C, TN °C, HRM %, PPT mm, VVM (10 m) km/h, DVM (10 m) graus, VVX (10 m) km/h, PM hPa, RS W/m 2",157,,,,64,1009.8,0.0,12:30 - 13:00,632,24.0,23.6,24.5,9.7,,,19.1,,,12:30 - 13:00,24.0,24.5,23.6,64,0.0,9.7,157,12:30 - 13:00,24.0,24.5,23.6,64,0.0,9.7,157,19.1,1009.8,632,19.1,1009.8,632,
J5,Pantà de Darnius - Boadella,PANTA_DE_DARNIUS___BOADELLA_J5,2026-10-06,23:30 - 00:00,SÍ,OK,2026-10-07 13:18:10,00:00,https://www.meteo.cat/observacions/xema/dades?codi=J5&dia=2026-10-06T00:00Z,11,"Període TU, TM °C, TX °C, TN °C, HRM %, PPT mm, VVM (10 m) km/h, DVM (10 m) graus, VVX (10 m) km/h, PM hPa, RS W/m 2",63,,,,100,1012.2,0.0,23:30 - 00:00,0,18.5,18.4,18.5,2.9,,,6.5,,,23:30 - 00:00,18.5,18.5,18.4,100,0.0,2.9,63,23:30 - 00:00,18.5,18.5,18.4,100,0.0,2.9,63,6.5,1012.2,0,6.5,1012.2,0,
J5,Pantà de Darnius - Boadella,PANTA_DE_DARNIUS___BOADELLA_J5,2026-10-06,23:00 - 23:30,SÍ,OK,2026-10-07 13:18:10,00:00,https://www.meteo.cat/observacions/xema/dades?codi=J5&dia=2026-10-06T00:00Z,11,"Període TU, TM °C, TX °C, TN °C, HRM %, PPT mm, VVM (10 m) km/h, DVM (10 m) graus, VVX (10 m) km/h, PM hPa, RS W/m 2",110,,,,100,1012.8,0.0,23:00 - 23:30,0,18.6,18.5,18.6,3.2,,,7.6,,,23:00 - 23:30,18.6,18.6,18.5,100,0.0,3.2,110,23:00 - 23:30,18.6,18.6,18.5,100,0.0,3.2,110,7.6,1012.8,0,7.6,1012.8,0,
J5,Pantà de Darnius - Boadella,PANTA_DE_DARNIUS___BOADELLA_J5,2026-10-06,22:30 - 23:00,SÍ,OK,2026-10-07 13:18:10,00:00,https://www.meteo.cat/observacions/xema/dades?codi=J5&dia=2026-10-06T00:00Z,11,"Període TU, TM °C, TX °C, TN °C, HRM %, PPT mm, VVM (10 m) km/h, DVM (10 m) graus, VVX (10 m) km/h, PM hPa, RS W/m 2",112,,,,100,1013.1,0.0,22:30 - 23:00,0,18.6,18.5,18.8,1.8,,,6.5,,,22:30 - 23:00,18.6,18.8,18.5,100,0.0,1.8,112,22:30 - 23:00,18.6,18.8,18.5,100,0.0,1.8,112,6.5,1013.1,0,6.5,1013.1,0,
J5,Pantà de Darnius - Boadella,PANTA_DE_DARNIUS___BOADELLA_J5,2026-10-06,22:00 - 22:30,SÍ,OK,2026-10-07 13:18:10,00:00,https://www.meteo.cat/observacions/xema/dades?codi=J5&dia=2026-10-06T00:00Z,11,"Període TU, TM °C, TX °C, TN °C, HRM %, PPT mm, VVM (10 m) km/h, DVM (10 m) graus, VVX (10 m) km/h, PM hPa, RS W/m 2",155,,,,100,1013.5,0.0,22:00 - 22:30,0,18.8,18.7,18.8,3.6,,,10.4,,,22:00 - 22:30,18.8,18.8,18.7,100,0.0,3.6,155,22:00 - 22:30,18.8,18.8,18.7,100,0.0,3.6,155,10.4,1013.5,0,10.4,1013.5,0,
D6,Portbou - Coll dels Belitres,PORTBOU___COLL_DELS_BELITRES_D6,2026-10-07,12:30 - 13:00,NO,OK,2026-10-07 13:18:14,12:30,https://www.meteo.cat/observacions/xema/dades?codi=D6&dia=2026-10-07T12:30Z,11,"Període TU, TM °C, TX °C, TN °C, HRM %, PPT mm, VVM (10 m) km/h, DVM (10 m) graus, VVX (10 m) km/h, PM hPa, RS W/m 2",121,,,,67,1009.7,0.0,12:30 - 13:00,620,23.6,22.5,24.6,7.6,,,13.0,,,12:30 - 13:00,23.6,24.6,22.5,67,0.0,7.6,121,12:30 - 13:00,23.6,24.6,22.5,67,0.0,7.6,121,13.0,1009.7,620,13.0,1009.7,620,
D6,Portbou - Coll dels Belitres,PORTBOU___COLL_DELS_BELITRES_D6,2026-10-06,23:30 - 00:00,SÍ,OK,2026-10-07 13:18:16,00:00,https://www.meteo.cat/observacions/xema/dades?codi=D6&dia=2026-10-06T00:00Z,11,"Període TU, TM °C, TX °C, TN °C, HRM %, PPT mm, VVM (10 m) km/h, DVM (10 m) graus, VVX (10 m) km/h, PM hPa, RS W/m 2",175,,,,100,1011.9,1.1,23:30 - 00:00,0,18.3,17.8,19.3,23.8,,,32.0,,,23:30 - 00:00,18.3,19.3,17.8,100,1.1,23.8,175,23:30 - 00:00,18.3,19.3,17.8,100,1.1,23.8,175,32.0,1011.9,0,32.0,1011.9,0,
D6,Portbou - Coll dels Belitres,PORTBOU___COLL_DELS_BELITRES_D6,2026-10-06,23:00 - 23:30,SÍ,OK,2026-10-07 13:18:16,00:00,https://www.meteo.cat/observacions/xema/dades?codi=D6&dia=2026-10-06T00:00Z,11,"Període TU, TM °C, TX °C, TN °C, HRM %, PPT mm, VVM (10 m) km/h, DVM (10 m) graus, VVX (10 m) km/h, PM hPa, RS W/m 2",182,,,,100,1012.4,4.3,23:00 - 23:30,0,19.2,19.0,19.4,16.9,,,31.3,,,23:00 - 23:30,19.2,19.4,19.0,100,4.3,16.9,182,23:00 - 23:30,19.2,19.4,19.0,100,4.3,16.9,182,31.3,1012.4,0,31.3,1012.4,0,
D6,Portbou - Coll dels Belitres,PORTBOU___COLL_DELS_BELITRES_D6,2026-10-06,22:30 - 23:00,SÍ,OK,2026-10-07 13:18:16,00:00,https://www.meteo.cat/observacions/xema/dades?codi=D6&dia=2026-10-06T00:00Z,11,"Període TU, TM °C, TX °C, TN °C, HRM %, PPT mm, VVM (10 m) km/h, DVM (10 m) graus, VVX (10 m) km/h, PM hPa, RS W/m 2",180,,,,100,1012.8,4.1,22:30 - 23:00,0,19.6,19.2,19.8,19.8,,,31.0,,,22:30 - 23:00,19.6,19.8,19.2,100,4.1,19.8,180,22:30 - 23:00,19.6,19.8,19.2,100,4.1,19.8,180,31.0,1012.8,0,31.0,1012.8,0,
D6,Portbou - Coll dels Belitres,PORTBOU___COLL_DELS_BELITRES_D6,2026-10-06,22:00 - 22:30,SÍ,OK,2026-10-07 13:18:16,00:00,https://www.meteo.cat/observacions/xema/dades?codi=D6&dia=2026-10-06T00:00Z,11,"Període TU, TM °C, TX °C, TN °C, HRM %, PPT mm, VVM (10 m) km/h, DVM (10 m) graus, VVX (10 m) km/h, PM hPa, RS W/m 2",203,,,,97,1013.0,0.3,22:00 - 22:30,0,19.8,19.7,19.9,23.4,,,42.1,,,22:00 - 22:30,19.8,19.9,19.7,97,0.3,23.4,203,22:00 - 22:30,19.8,19.9,19.7,97,0.3,23.4,203,42.1,1013.0,0,42.1,1013.0,0,
XR,Prades,PRADES_XR,2026-10-07,12:30 - 13:00,NO,OK,2026-10-07 13:18:18,12:30,https://www.meteo.cat/observacions/xema/dades?codi=XR&dia=2026-10-07T12:30Z,11,"Període TU, TM °C, TX °C, TN °C, HRM %, PPT mm, GN cm, VVM (2 m) km/h, DVM (2 m) graus, VVX (2 m) km/h, RS W/m 2",,295,,7,72,,0.0,12:30 - 13:00,302,17.5,16.8,19.2,,5.8,,,16.6,,12:30 - 13:00,17.5,19.2,16.8,72,0.0,7,5.8,12:30 - 13:00,17.5,19.2,16.8,72,0.0,7,5.8,295,16.6,302,295,16.6,302,
XR,Prades,PRADES_XR,2026-10-06,23:30 - 00:00,SÍ,OK,2026-10-07 13:18:20,00:00,https://www.meteo.cat/observacions/xema/dades?codi=XR&dia=2026-10-06T00:00Z,11,"Període TU, TM °C, TX °C, TN °C, HRM %, PPT mm, GN cm, VVM (2 m) km/h, DVM (2 m) graus, VVX (2 m) km/h, RS W/m 2",,108,,0,100,,0.0,23:30 - 00:00,0,11.3,11.0,11.7,,0.4,,,2.9,,23:30 - 00:00,11.3,11.7,11.0,100,0.0,0,0.4,23:30 - 00:00,11.3,11.7,11.0,100,0.0,0,0.4,108,2.9,0,108,2.9,0,
XR,Prades,PRADES_XR,2026-10-06,23:00 - 23:30,SÍ,OK,2026-10-07 13:18:20,00:00,https://www.meteo.cat/observacions/xema/dades?codi=XR&dia=2026-10-06T00:00Z,11,"Període TU, TM °C, TX °C, TN °C, HRM %, PPT mm, GN cm, VVM (2 m) km/h, DVM (2 m) graus, VVX (2 m) km/h, RS W/m 2",,130,,0,100,,0.0,23:00 - 23:30,0,11.9,11.5,12.1,,0.4,,,2.5,,23:00 - 23:30,11.9,12.1,11.5,100,0.0,0,0.4,23:00 - 23:30,11.9,12.1,11.5,100,0.0,0,0.4,130,2.5,0,130,2.5,0,
XR,Prades,PRADES_XR,2026-10-06,22:30 - 23:00,SÍ,OK,2026-10-07 13:18:20,00:00,https://www.meteo.cat/observacions/xema/dades?codi=XR&dia=2026-10-06T00:00Z,11,"Període TU, TM °C, TX °C, TN °C, HRM %, PPT mm, GN cm, VVM (2 m) km/h, DVM (2 m) graus, VVX (2 m) km/h, RS W/m 2",,139,,0,100,,0.0,22:30 - 23:00,0,12.1,11.7,12.5,,0.4,,,2.5,,22:30 - 23:00,12.1,12.5,11.7,100,0.0,0,0.4,22:30 - 23:00,12.1,12.5,11.7,100,0.0,0,0.4,139,2.5,0,139,2.5,0,
XR,Prades,PRADES_XR,2026-10-06,22:00 - 22:30,SÍ,OK,2026-10-07 13:18:20,00:00,https://www.meteo.cat/observacions/xema/dades?codi=XR&dia=2026-10-06T00:00Z,11,"Període TU, TM °C, TX °C, TN °C, HRM %, PPT mm, GN cm, VVM (2 m) km/h, DVM (2 m) graus, VVX (2 m) km/h, RS W/m 2",,128,,0,100,,0.0,22:00 - 22:30,0,12.8,12.5,13.0,,0.7,,,3.6,,22:00 - 22:30,12.8,13.0,12.5,100,0.0,0,0.7,22:00 - 22:30,12.8,13.0,12.5,100,0.0,0,0.7,128,3.6,0,128,3.6,0,
YA,Puigcerdà,PUIGCERDA_YA,2026-10-07,12:30 - 13:00,NO,OK,2026-10-07 13:18:23,12:30,https://www.meteo.cat/observacions/xema/dades?codi=YA&dia=2026-10-07T12:30Z,11,"Període TU, TM °C, TX °C, TN °C, HRM %, PPT mm, VVM (10 m) km/h, DVM (10 m) graus, VVX (10 m) km/h, PM hPa, RS W/m 2",195,,,,64,1007.9,0.1,12:30 - 13:00,668,17.9,17.5,18.6,8.6,,,18.4,,,12:30 - 13:00,17.9,18.6,17.5,64,0.1,8.6,195,12:30 - 13:00,17.9,18.6,17.5,64,0.1,8.6,195,18.4,1007.9,668,18.4,1007.9,668,
YA,Puigcerdà,PUIGCERDA_YA,2026-10-06,23:30 - 00:00,SÍ,OK,2026-10-07 13:18:25,00:00,https://www.meteo.cat/observacions/xema/dades?codi=YA&dia=2026-10-06T00:00Z,11,"Període TU, TM °C, TX °C, TN °C, HRM %, PPT mm, VVM (10 m) km/h, DVM (10 m) graus, VVX (10 m) km/h, PM hPa, RS W/m 2",128,,,,98,1014.2,0.0,23:30 - 00:00,0,12.0,11.9,12.2,1.1,,,4.7,,,23:30 - 00:00,12.0,12.2,11.9,98,0.0,1.1,128,23:30 - 00:00,12.0,12.2,11.9,98,0.0,1.1,128,4.7,1014.2,0,4.7,1014.2,0,
YA,Puigcerdà,PUIGCERDA_YA,2026-10-06,23:00 - 23:30,SÍ,OK,2026-10-07 13:18:25,00:00,https://www.meteo.cat/observacions/xema/dades?codi=YA&dia=2026-10-06T00:00Z,11,"Període TU, TM °C, TX °C, TN °C, HRM %, PPT mm, VVM (10 m) km/h, DVM (10 m) graus, VVX (10 m) km/h, PM hPa, RS W/m 2",184,,,,97,1014.1,0.0,23:00 - 23:30,0,12.7,12.2,12.8,2.9,,,8.3,,,23:00 - 23:30,12.7,12.8,12.2,97,0.0,2.9,184,23:00 - 23:30,12.7,12.8,12.2,97,0.0,2.9,184,8.3,1014.1,0,8.3,1014.1,0,
YA,Puigcerdà,PUIGCERDA_YA,2026-10-06,22:30 - 23:00,SÍ,OK,2026-10-07 13:18:25,00:00,https://www.meteo.cat/observacions/xema/dades?codi=YA&dia=2026-10-06T00:00Z,11,"Període TU, TM °C, TX °C, TN °C, HRM %, PPT mm, VVM (10 m) km/h, DVM (10 m) graus, VVX (10 m) km/h, PM hPa, RS W/m 2",195,,,,97,1014.1,0.1,22:30 - 23:00,0,12.9,12.8,12.9,2.2,,,7.9,,,22:30 - 23:00,12.9,12.9,12.8,97,0.1,2.2,195,22:30 - 23:00,12.9,12.9,12.8,97,0.1,2.2,195,7.9,1014.1,0,7.9,1014.1,0,
YA,Puigcerdà,PUIGCERDA_YA,2026-10-06,22:00 - 22:30,SÍ,OK,2026-10-07 13:18:25,00:00,https://www.meteo.cat/observacions/xema/dades?codi=YA&dia=2026-10-06T00:00Z,11,"Període TU, TM °C, TX °C, TN °C, HRM %, PPT mm, VVM (10 m) km/h, DVM (10 m) graus, VVX (10 m) km/h, PM hPa, RS W/m 2",112,,,,98,1014.3,0.1,22:00 - 22:30,0,12.8,12.5,13.1,3.2,,,9.0,,,22:00 - 22:30,12.8,13.1,12.5,98,0.1,3.2,112,22:00 - 22:30,12.8,13.1,12.5,98,0.1,3.2,112,9.0,1014.3,0,9.0,1014.3,0,
DG,Queralbs - Núria (1.971 m),QUERALBS___NURIA_1971_M_DG,2026-10-07,12:30 - 13:00,NO,OK,2026-10-07 13:18:28,12:30,https://www.meteo.cat/observacions/xema/dades?codi=DG&dia=2026-10-07T12:30Z,12,"Període TU, TM °C, TX °C, TN °C, HRM %, PPT mm, GN cm, VVM (10 m) km/h, DVM (10 m) graus, VVX (10 m) km/h, PM hPa, RS W/m 2",222,,,12,91,847.2,0.0,12:30 - 13:00,102,10.2,9.9,10.8,2.9,,,8.3,,,12:30 - 13:00,10.2,10.8,9.9,91,0.0,12,2.9,12:30 - 13:00,10.2,10.8,9.9,91,0.0,12,2.9,222,8.3,847.2,222,8.3,847.2,102
DG,Queralbs - Núria (1.971 m),QUERALBS___NURIA_1971_M_DG,2026-10-06,23:30 - 00:00,SÍ,OK,2026-10-07 13:18:31,00:00,https://www.meteo.cat/observacions/xema/dades?codi=DG&dia=2026-10-06T00:00Z,12,"Període TU, TM °C, TX °C, TN °C, HRM %, PPT mm, GN cm, VVM (10 m) km/h, DVM (10 m) graus, VVX (10 m) km/h, PM hPa, RS W/m 2",343,,,11,86,849.8,0.0,23:30 - 00:00,0,8.5,7.7,9.0,2.5,,,11.5,,,23:30 - 00:00,8.5,9.0,7.7,86,0.0,11,2.5,23:30 - 00:00,8.5,9.0,7.7,86,0.0,11,2.5,343,11.5,849.8,343,11.5,849.8,0
DG,Queralbs - Núria (1.971 m),QUERALBS___NURIA_1971_M_DG,2026-10-06,23:00 - 23:30,SÍ,OK,2026-10-07 13:18:31,00:00,https://www.meteo.cat/observacions/xema/dades?codi=DG&dia=2026-10-06T00:00Z,12,"Període TU, TM °C, TX °C, TN °C, HRM %, PPT mm, GN cm, VVM (10 m) km/h, DVM (10 m) graus, VVX (10 m) km/h, PM hPa, RS W/m 2",91,,,11,100,850.0,0.0,23:00 - 23:30,0,8.1,7.7,8.2,1.4,,,5.0,,,23:00 - 23:30,8.1,8.2,7.7,100,0.0,11,1.4,23:00 - 23:30,8.1,8.2,7.7,100,0.0,11,1.4,91,5.0,850.0,91,5.0,850.0,0
DG,Queralbs - Núria (1.971 m),QUERALBS___NURIA_1971_M_DG,2026-10-06,22:30 - 23:00,SÍ,OK,2026-10-07 13:18:31,00:00,https://www.meteo.cat/observacions/xema/dades?codi=DG&dia=2026-10-06T00:00Z,12,"Període TU, TM °C, TX °C, TN °C, HRM %, PPT mm, GN cm, VVM (10 m) km/h, DVM (10 m) graus, VVX (10 m) km/h, PM hPa, RS W/m 2",70,,,11,100,850.3,0.0,22:30 - 23:00,0,8.2,8.1,8.3,1.4,,,3.6,,,22:30 - 23:00,8.2,8.3,8.1,100,0.0,11,1.4,22:30 - 23:00,8.2,8.3,8.1,100,0.0,11,1.4,70,3.6,850.3,70,3.6,850.3,0
DG,Queralbs - Núria (1.971 m),QUERALBS___NURIA_1971_M_DG,2026-10-06,22:00 - 22:30,SÍ,OK,2026-10-07 13:18:31,00:00,https://www.meteo.cat/observacions/xema/dades?codi=DG&dia=2026-10-06T00:00Z,12,"Període TU, TM °C, TX °C, TN °C, HRM %, PPT mm, GN cm, VVM (10 m) km/h, DVM (10 m) graus, VVX (10 m) km/h, PM hPa, RS W/m 2",82,,,12,100,850.5,0.1,22:00 - 22:30,0,8.5,8.3,8.6,0.4,,,2.5,,,22:00 - 22:30,8.5,8.6,8.3,100,0.1,12,0.4,22:00 - 22:30,8.5,8.6,8.3,100,0.1,12,0.4,82,2.5,850.5,82,2.5,850.5,0
X5,Roquetes - Pn dels Ports,ROQUETES___PN_DELS_PORTS_X5,2026-10-07,12:30 - 13:00,NO,OK,2026-10-07 13:18:34,12:30,https://www.meteo.cat/observacions/xema/dades?codi=X5&dia=2026-10-07T12:30Z,12,"Període TU, TM °C, TX °C, TN °C, HRM %, PPT mm, GN cm, VVM (10 m) km/h, DVM (10 m) graus, VVX (10 m) km/h, PM hPa, RS W/m 2",261,,,,58,1010.6,0.0,12:30 - 13:00,773,19.1,18.4,19.5,11.2,,,29.5,,,12:30 - 13:00,19.1,19.5,18.4,58,0.0,,11.2,12:30 - 13:00,19.1,19.5,18.4,58,0.0,,11.2,261,29.5,1010.6,261,29.5,1010.6,773
X5,Roquetes - Pn dels Ports,ROQUETES___PN_DELS_PORTS_X5,2026-10-06,23:30 - 00:00,SÍ,OK,2026-10-07 13:18:36,00:00,https://www.meteo.cat/observacions/xema/dades?codi=X5&dia=2026-10-06T00:00Z,12,"Període TU, TM °C, TX °C, TN °C, HRM %, PPT mm, GN cm, VVM (10 m) km/h, DVM (10 m) graus, VVX (10 m) km/h, PM hPa, RS W/m 2",355,,,0,99,1015.3,0.0,23:30 - 00:00,0,12.9,12.5,13.3,1.4,,,6.5,,,23:30 - 00:00,12.9,13.3,12.5,99,0.0,0,1.4,23:30 - 00:00,12.9,13.3,12.5,99,0.0,0,1.4,355,6.5,1015.3,355,6.5,1015.3,0
X5,Roquetes - Pn dels Ports,ROQUETES___PN_DELS_PORTS_X5,2026-10-06,23:00 - 23:30,SÍ,OK,2026-10-07 13:18:36,00:00,https://www.meteo.cat/observacions/xema/dades?codi=X5&dia=2026-10-06T00:00Z,12,"Període TU, TM °C, TX °C, TN °C, HRM %, PPT mm, GN cm, VVM (10 m) km/h, DVM (10 m) graus, VVX (10 m) km/h, PM hPa, RS W/m 2",37,,,0,100,1015.6,0.0,23:00 - 23:30,0,12.4,11.9,12.7,0.4,,,2.9,,,23:00 - 23:30,12.4,12.7,11.9,100,0.0,0,0.4,23:00 - 23:30,12.4,12.7,11.9,100,0.0,0,0.4,37,2.9,1015.6,37,2.9,1015.6,0
X5,Roquetes - Pn dels Ports,ROQUETES___PN_DELS_PORTS_X5,2026-10-06,22:30 - 23:00,SÍ,OK,2026-10-07 13:18:36,00:00,https://www.meteo.cat/observacions/xema/dades?codi=X5&dia=2026-10-06T00:00Z,12,"Període TU, TM °C, TX °C, TN °C, HRM %, PPT mm, GN cm, VVM (10 m) km/h, DVM (10 m) graus, VVX (10 m) km/h, PM hPa, RS W/m 2",67,,,0,100,1016.2,0.0,22:30 - 23:00,0,12.0,11.7,12.2,0.4,,,3.2,,,22:30 - 23:00,12.0,12.2,11.7,100,0.0,0,0.4,22:30 - 23:00,12.0,12.2,11.7,100,0.0,0,0.4,67,3.2,1016.2,67,3.2,1016.2,0
X5,Roquetes - Pn dels Ports,ROQUETES___PN_DELS_PORTS_X5,2026-10-06,22:00 - 22:30,SÍ,OK,2026-10-07 13:18:36,00:00,https://www.meteo.cat/observacions/xema/dades?codi=X5&dia=2026-10-06T00:00Z,12,"Període TU, TM °C, TX °C, TN °C, HRM %, PPT mm, GN cm, VVM (10 m) km/h, DVM (10 m) graus, VVX (10 m) km/h, PM hPa, RS W/m 2",357,,,0,100,1016.6,0.0,22:00 - 22:30,0,11.9,11.6,12.1,0.4,,,2.9,,,22:00 - 22:30,11.9,12.1,11.6,100,0.0,0,0.4,22:00 - 22:30,11.9,12.1,11.6,100,0.0,0,0.4,357,2.9,1016.6,357,2.9,1016.6,0
D4,Roses,ROSES_D4,2026-10-07,12:30 - 13:00,NO,OK,2026-10-07 13:18:39,12:30,https://www.meteo.cat/observacions/xema/dades?codi=D4&dia=2026-10-07T12:30Z,11,"Període TU, TM °C, TX °C, TN °C, HRM %, PPT mm, VVM (10 m) km/h, DVM (10 m) graus, VVX (10 m) km/h, PM hPa, RS W/m 2",168,,,,72,1010.3,0.0,12:30 - 13:00,578,23.9,23.4,24.3,8.6,,,16.6,,,12:30 - 13:00,23.9,24.3,23.4,72,0.0,8.6,168,12:30 - 13:00,23.9,24.3,23.4,72,0.0,8.6,168,16.6,1010.3,578,16.6,1010.3,578,
D4,Roses,ROSES_D4,2026-10-06,23:30 - 00:00,SÍ,OK,2026-10-07 13:18:41,00:00,https://www.meteo.cat/observacions/xema/dades?codi=D4&dia=2026-10-06T00:00Z,11,"Període TU, TM °C, TX °C, TN °C, HRM %, PPT mm, VVM (10 m) km/h, DVM (10 m) graus, VVX (10 m) km/h, PM hPa, RS W/m 2",129,,,,100,1012.7,0.1,23:30 - 00:00,0,18.3,18.2,18.3,8.6,,,22.3,,,23:30 - 00:00,18.3,18.3,18.2,100,0.1,8.6,129,23:30 - 00:00,18.3,18.3,18.2,100,0.1,8.6,129,22.3,1012.7,0,22.3,1012.7,0,
D4,Roses,ROSES_D4,2026-10-06,23:00 - 23:30,SÍ,OK,2026-10-07 13:18:41,00:00,https://www.meteo.cat/observacions/xema/dades?codi=D4&dia=2026-10-06T00:00Z,11,"Període TU, TM °C, TX °C, TN °C, HRM %, PPT mm, VVM (10 m) km/h, DVM (10 m) graus, VVX (10 m) km/h, PM hPa, RS W/m 2",141,,,,100,1013.2,5.5,23:00 - 23:30,0,18.9,18.1,21.0,12.2,,,35.3,,,23:00 - 23:30,18.9,21.0,18.1,100,5.5,12.2,141,23:00 - 23:30,18.9,21.0,18.1,100,5.5,12.2,141,35.3,1013.2,0,35.3,1013.2,0,
D4,Roses,ROSES_D4,2026-10-06,22:30 - 23:00,SÍ,OK,2026-10-07 13:18:41,00:00,https://www.meteo.cat/observacions/xema/dades?codi=D4&dia=2026-10-06T00:00Z,11,"Període TU, TM °C, TX °C, TN °C, HRM %, PPT mm, VVM (10 m) km/h, DVM (10 m) graus, VVX (10 m) km/h, PM hPa, RS W/m 2",134,,,,100,1013.3,0.5,22:30 - 23:00,0,20.8,20.7,21.0,10.1,,,23.0,,,22:30 - 23:00,20.8,21.0,20.7,100,0.5,10.1,134,22:30 - 23:00,20.8,21.0,20.7,100,0.5,10.1,134,23.0,1013.3,0,23.0,1013.3,0,
D4,Roses,ROSES_D4,2026-10-06,22:00 - 22:30,SÍ,OK,2026-10-07 13:18:41,00:00,https://www.meteo.cat/observacions/xema/dades?codi=D4&dia=2026-10-06T00:00Z,11,"Període TU, TM °C, TX °C, TN °C, HRM %, PPT mm, VVM (10 m) km/h, DVM (10 m) graus, VVX (10 m) km/h, PM hPa, RS W/m 2",141,,,,100,1013.6,1.1,22:00 - 22:30,0,20.8,20.7,20.8,9.0,,,20.2,,,22:00 - 22:30,20.8,20.8,20.7,100,1.1,9.0,141,22:00 - 22:30,20.8,20.8,20.7,100,1.1,9.0,141,20.2,1013.6,0,20.2,1013.6,0,
CI,Sant Pau de Segúries,SANT_PAU_DE_SEGURIES_CI,2026-10-07,12:30 - 13:00,NO,OK,2026-10-07 13:18:45,12:30,https://www.meteo.cat/observacions/xema/dades?codi=CI&dia=2026-10-07T12:30Z,10,"Període TU, TM °C, TX °C, TN °C, HRM %, PPT mm, VVM (10 m) km/h, DVM (10 m) graus, VVX (10 m) km/h, PM hPa",197,,,,61,1009.4,0.0,12:30 - 13:00,,20.6,20.1,20.9,9.7,,,21.2,,,12:30 - 13:00,20.6,20.9,20.1,61,0.0,9.7,197,12:30 - 13:00,20.6,20.9,20.1,61,0.0,9.7,197,21.2,1009.4,,21.2,1009.4,,
CI,Sant Pau de Segúries,SANT_PAU_DE_SEGURIES_CI,2026-10-06,23:30 - 00:00,SÍ,OK,2026-10-07 13:18:47,00:00,https://www.meteo.cat/observacions/xema/dades?codi=CI&dia=2026-10-06T00:00Z,10,"Període TU, TM °C, TX °C, TN °C, HRM %, PPT mm, VVM (10 m) km/h, DVM (10 m) graus, VVX (10 m) km/h, PM hPa",213,,,,98,1014.0,0.0,23:30 - 00:00,,14.4,14.3,14.4,5.0,,,13.0,,,23:30 - 00:00,14.4,14.4,14.3,98,0.0,5.0,213,23:30 - 00:00,14.4,14.4,14.3,98,0.0,5.0,213,13.0,1014.0,,13.0,1014.0,,
CI,Sant Pau de Segúries,SANT_PAU_DE_SEGURIES_CI,2026-10-06,23:00 - 23:30,SÍ,OK,2026-10-07 13:18:47,00:00,https://www.meteo.cat/observacions/xema/dades?codi=CI&dia=2026-10-06T00:00Z,10,"Període TU, TM °C, TX °C, TN °C, HRM %, PPT mm, VVM (10 m) km/h, DVM (10 m) graus, VVX (10 m) km/h, PM hPa",221,,,,98,1014.2,0.0,23:00 - 23:30,,14.6,14.4,14.8,4.7,,,13.7,,,23:00 - 23:30,14.6,14.8,14.4,98,0.0,4.7,221,23:00 - 23:30,14.6,14.8,14.4,98,0.0,4.7,221,13.7,1014.2,,13.7,1014.2,,
CI,Sant Pau de Segúries,SANT_PAU_DE_SEGURIES_CI,2026-10-06,22:30 - 23:00,SÍ,OK,2026-10-07 13:18:47,00:00,https://www.meteo.cat/observacions/xema/dades?codi=CI&dia=2026-10-06T00:00Z,10,"Període TU, TM °C, TX °C, TN °C, HRM %, PPT mm, VVM (10 m) km/h, DVM (10 m) graus, VVX (10 m) km/h, PM hPa",234,,,,99,1014.6,0.2,22:30 - 23:00,,15.0,14.8,15.2,5.8,,,15.5,,,22:30 - 23:00,15.0,15.2,14.8,99,0.2,5.8,234,22:30 - 23:00,15.0,15.2,14.8,99,0.2,5.8,234,15.5,1014.6,,15.5,1014.6,,
CI,Sant Pau de Segúries,SANT_PAU_DE_SEGURIES_CI,2026-10-06,22:00 - 22:30,SÍ,OK,2026-10-07 13:18:47,00:00,https://www.meteo.cat/observacions/xema/dades?codi=CI&dia=2026-10-06T00:00Z,10,"Període TU, TM °C, TX °C, TN °C, HRM %, PPT mm, VVM (10 m) km/h, DVM (10 m) graus, VVX (10 m) km/h, PM hPa",224,,,,99,1014.8,0.0,22:00 - 22:30,,15.2,15.2,15.2,5.4,,,16.6,,,22:00 - 22:30,15.2,15.2,15.2,99,0.0,5.4,224,22:00 - 22:30,15.2,15.2,15.2,99,0.0,5.4,224,16.6,1014.8,,16.6,1014.8,,
XS,Santa Coloma de Farners,SANTA_COLOMA_DE_FARNERS_XS,2026-10-07,12:30 - 13:00,NO,OK,2026-10-07 13:18:50,12:30,https://www.meteo.cat/observacions/xema/dades?codi=XS&dia=2026-10-07T12:30Z,10,"Període TU, TM °C, TX °C, TN °C, HRM %, PPT mm, VVM (10 m) km/h, DVM (10 m) graus, VVX (10 m) km/h, RS W/m 2",124,,,,71,,0.0,12:30 - 13:00,642,24.5,24.0,25.1,10.8,,,20.5,,,12:30 - 13:00,24.5,25.1,24.0,71,0.0,10.8,124,12:30 - 13:00,24.5,25.1,24.0,71,0.0,10.8,124,20.5,642,,20.5,642,,
XS,Santa Coloma de Farners,SANTA_COLOMA_DE_FARNERS_XS,2026-10-06,23:30 - 00:00,SÍ,OK,2026-10-07 13:18:52,00:00,https://www.meteo.cat/observacions/xema/dades?codi=XS&dia=2026-10-06T00:00Z,10,"Període TU, TM °C, TX °C, TN °C, HRM %, PPT mm, VVM (10 m) km/h, DVM (10 m) graus, VVX (10 m) km/h, RS W/m 2",272,,,,100,,0.0,23:30 - 00:00,0,17.6,17.3,17.8,2.9,,,6.5,,,23:30 - 00:00,17.6,17.8,17.3,100,0.0,2.9,272,23:30 - 00:00,17.6,17.8,17.3,100,0.0,2.9,272,6.5,0,,6.5,0,,
XS,Santa Coloma de Farners,SANTA_COLOMA_DE_FARNERS_XS,2026-10-06,23:00 - 23:30,SÍ,OK,2026-10-07 13:18:52,00:00,https://www.meteo.cat/observacions/xema/dades?codi=XS&dia=2026-10-06T00:00Z,10,"Període TU, TM °C, TX °C, TN °C, HRM %, PPT mm, VVM (10 m) km/h, DVM (10 m) graus, VVX (10 m) km/h, RS W/m 2",239,,,,100,,0.0,23:00 - 23:30,0,18.0,17.8,18.2,2.9,,,5.0,,,23:00 - 23:30,18.0,18.2,17.8,100,0.0,2.9,239,23:00 - 23:30,18.0,18.2,17.8,100,0.0,2.9,239,5.0,0,,5.0,0,,
XS,Santa Coloma de Farners,SANTA_COLOMA_DE_FARNERS_XS,2026-10-06,22:30 - 23:00,SÍ,OK,2026-10-07 13:18:52,00:00,https://www.meteo.cat/observacions/xema/dades?codi=XS&dia=2026-10-06T00:00Z,10,"Període TU, TM °C, TX °C, TN °C, HRM %, PPT mm, VVM (10 m) km/h, DVM (10 m) graus, VVX (10 m) km/h, RS W/m 2",127,,,,100,,0.0,22:30 - 23:00,0,18.3,18.1,18.4,3.2,,,9.0,,,22:30 - 23:00,18.3,18.4,18.1,100,0.0,3.2,127,22:30 - 23:00,18.3,18.4,18.1,100,0.0,3.2,127,9.0,0,,9.0,0,,
XS,Santa Coloma de Farners,SANTA_COLOMA_DE_FARNERS_XS,2026-10-06,22:00 - 22:30,SÍ,OK,2026-10-07 13:18:52,00:00,https://www.meteo.cat/observacions/xema/dades?codi=XS&dia=2026-10-06T00:00Z,10,"Període TU, TM °C, TX °C, TN °C, HRM %, PPT mm, VVM (10 m) km/h, DVM (10 m) graus, VVX (10 m) km/h, RS W/m 2",297,,,,100,,0.0,22:00 - 22:30,0,18.4,18.4,18.5,3.2,,,7.2,,,22:00 - 22:30,18.4,18.5,18.4,100,0.0,3.2,297,22:00 - 22:30,18.4,18.5,18.4,100,0.0,3.2,297,7.2,0,,7.2,0,,
ZC,Setcases - Ulldeter (2.413 m),SETCASES___ULLDETER_2413_M_ZC,2026-10-07,06:30 - 07:00,NO,OK,2026-10-07 13:18:55,12:30,https://www.meteo.cat/observacions/xema/dades?codi=ZC&dia=2026-10-07T12:30Z,10,"Període TU, TM °C, TX °C, TN °C, HRM %, PPT mm, VVM (10 m) km/h, DVM (10 m) graus, VVX (10 m) km/h, RS W/m 2",77,,,,81,,0.0,06:30 - 07:00,31,6.5,6.3,6.5,10.8,,,33.8,,,06:30 - 07:00,6.5,6.5,6.3,81,0.0,10.8,77,06:30 - 07:00,6.5,6.5,6.3,81,0.0,10.8,77,33.8,31,,33.8,31,,
ZC,Setcases - Ulldeter (2.413 m),SETCASES___ULLDETER_2413_M_ZC,2026-10-06,23:30 - 00:00,SÍ,OK,2026-10-07 13:18:57,00:00,https://www.meteo.cat/observacions/xema/dades?codi=ZC&dia=2026-10-06T00:00Z,11,"Període TU, TM °C, TX °C, TN °C, HRM %, PPT mm, GN cm, VVM (10 m) km/h, DVM (10 m) graus, VVX (10 m) km/h, RS W/m 2",283,,,,76,,0.0,23:30 - 00:00,0,7.2,6.7,7.5,17.3,,,39.2,,,23:30 - 00:00,7.2,7.5,6.7,76,0.0,,17.3,23:30 - 00:00,7.2,7.5,6.7,76,0.0,,17.3,283,39.2,0,283,39.2,0,
ZC,Setcases - Ulldeter (2.413 m),SETCASES___ULLDETER_2413_M_ZC,2026-10-06,23:00 - 23:30,SÍ,OK,2026-10-07 13:18:57,00:00,https://www.meteo.cat/observacions/xema/dades?codi=ZC&dia=2026-10-06T00:00Z,11,"Període TU, TM °C, TX °C, TN °C, HRM %, PPT mm, GN cm, VVM (10 m) km/h, DVM (10 m) graus, VVX (10 m) km/h, RS W/m 2",258,,,,89,,0.0,23:00 - 23:30,0,6.1,5.2,6.9,12.2,,,31.0,,,23:00 - 23:30,6.1,6.9,5.2,89,0.0,,12.2,23:00 - 23:30,6.1,6.9,5.2,89,0.0,,12.2,258,31.0,0,258,31.0,0,
ZC,Setcases - Ulldeter (2.413 m),SETCASES___ULLDETER_2413_M_ZC,2026-10-06,22:30 - 23:00,SÍ,OK,2026-10-07 13:18:57,00:00,https://www.meteo.cat/observacions/xema/dades?codi=ZC&dia=2026-10-06T00:00Z,11,"Període TU, TM °C, TX °C, TN °C, HRM %, PPT mm, GN cm, VVM (10 m) km/h, DVM (10 m) graus, VVX (10 m) km/h, RS W/m 2",224,,,,97,,0.0,22:30 - 23:00,0,5.4,5.2,5.5,10.8,,,21.6,,,22:30 - 23:00,5.4,5.5,5.2,97,0.0,,10.8,22:30 - 23:00,5.4,5.5,5.2,97,0.0,,10.8,224,21.6,0,224,21.6,0,
ZC,Setcases - Ulldeter (2.413 m),SETCASES___ULLDETER_2413_M_ZC,2026-10-06,22:00 - 22:30,SÍ,OK,2026-10-07 13:18:57,00:00,https://www.meteo.cat/observacions/xema/dades?codi=ZC&dia=2026-10-06T00:00Z,11,"Període TU, TM °C, TX °C, TN °C, HRM %, PPT mm, GN cm, VVM (10 m) km/h, DVM (10 m) graus, VVX (10 m) km/h, RS W/m 2",252,,,,97,,0.4,22:00 - 22:30,0,5.5,5.4,5.7,10.8,,,20.5,,,22:00 - 22:30,5.5,5.7,5.4,97,0.4,,10.8,22:00 - 22:30,5.5,5.7,5.4,97,0.4,,10.8,252,20.5,0,252,20.5,0,
XH,Sort,SORT_XH,2026-10-07,12:30 - 13:00,NO,OK,2026-10-07 13:19:00,12:30,https://www.meteo.cat/observacions/xema/dades?codi=XH&dia=2026-10-07T12:30Z,8,"Període TU, TM °C, TX °C, TN °C, HRM %, PPT mm, GN cm, PM hPa",,,,1,65,1010.0,0.0,12:30 - 13:00,,19.1,18.5,19.5,,,,,,,12:30 - 13:00,19.1,19.5,18.5,65,0.0,1,1010.0,12:30 - 13:00,19.1,19.5,18.5,65,0.0,1,1010.0,,,,,,,
XH,Sort,SORT_XH,2026-10-06,23:30 - 00:00,SÍ,OK,2026-10-07 13:19:02,00:00,https://www.meteo.cat/observacions/xema/dades?codi=XH&dia=2026-10-06T00:00Z,8,"Període TU, TM °C, TX °C, TN °C, HRM %, PPT mm, GN cm, PM hPa",,,,3,100,1015.0,0.0,23:30 - 00:00,,13.7,13.5,13.9,,,,,,,23:30 - 00:00,13.7,13.9,13.5,100,0.0,3,1015.0,23:30 - 00:00,13.7,13.9,13.5,100,0.0,3,1015.0,,,,,,,
XH,Sort,SORT_XH,2026-10-06,23:00 - 23:30,SÍ,OK,2026-10-07 13:19:02,00:00,https://www.meteo.cat/observacions/xema/dades?codi=XH&dia=2026-10-06T00:00Z,8,"Període TU, TM °C, TX °C, TN °C, HRM %, PPT mm, GN cm, PM hPa",,,,2,100,1014.9,0.0,23:00 - 23:30,,14.3,13.9,14.5,,,,,,,23:00 - 23:30,14.3,14.5,13.9,100,0.0,2,1014.9,23:00 - 23:30,14.3,14.5,13.9,100,0.0,2,1014.9,,,,,,,
XH,Sort,SORT_XH,2026-10-06,22:30 - 23:00,SÍ,OK,2026-10-07 13:19:02,00:00,https://www.meteo.cat/observacions/xema/dades?codi=XH&dia=2026-10-06T00:00Z,8,"Període TU, TM °C, TX °C, TN °C, HRM %, PPT mm, GN cm, PM hPa",,,,3,100,1015.0,0.0,22:30 - 23:00,,14.7,14.5,15.0,,,,,,,22:30 - 23:00,14.7,15.0,14.5,100,0.0,3,1015.0,22:30 - 23:00,14.7,15.0,14.5,100,0.0,3,1015.0,,,,,,,
XH,Sort,SORT_XH,2026-10-06,22:00 - 22:30,SÍ,OK,2026-10-07 13:19:02,00:00,https://www.meteo.cat/observacions/xema/dades?codi=XH&dia=2026-10-06T00:00Z,8,"Període TU, TM °C, TX °C, TN °C, HRM %, PPT mm, GN cm, PM hPa",,,,2,100,1014.7,0.0,22:00 - 22:30,,15.1,15.0,15.3,,,,,,,22:00 - 22:30,15.1,15.3,15.0,100,0.0,2,1014.7,22:00 - 22:30,15.1,15.3,15.0,100,0.0,2,1014.7,,,,,,,
XE,Tarragona - Complex Educatiu,TARRAGONA___COMPLEX_EDUCATIU_XE,2026-10-07,12:30 - 13:00,NO,OK,2026-10-07 13:19:05,12:30,https://www.meteo.cat/observacions/xema/dades?codi=XE&dia=2026-10-07T12:30Z,11,"Període TU, TM °C, TX °C, TN °C, HRM %, PPT mm, VVM (10 m) km/h, DVM (10 m) graus, VVX (10 m) km/h, PM hPa, RS W/m 2",255,,,,46,1011.0,0.0,12:30 - 13:00,674,26.8,26.4,27.2,12.6,,,26.6,,,12:30 - 13:00,26.8,27.2,26.4,46,0.0,12.6,255,12:30 - 13:00,26.8,27.2,26.4,46,0.0,12.6,255,26.6,1011.0,674,26.6,1011.0,674,
XE,Tarragona - Complex Educatiu,TARRAGONA___COMPLEX_EDUCATIU_XE,2026-10-06,23:30 - 00:00,SÍ,OK,2026-10-07 13:19:07,00:00,https://www.meteo.cat/observacions/xema/dades?codi=XE&dia=2026-10-06T00:00Z,11,"Període TU, TM °C, TX °C, TN °C, HRM %, PPT mm, VVM (10 m) km/h, DVM (10 m) graus, VVX (10 m) km/h, PM hPa, RS W/m 2",354,,,,100,1013.8,0.0,23:30 - 00:00,0,18.1,17.8,18.2,2.2,,,5.8,,,23:30 - 00:00,18.1,18.2,17.8,100,0.0,2.2,354,23:30 - 00:00,18.1,18.2,17.8,100,0.0,2.2,354,5.8,1013.8,0,5.8,1013.8,0,
XE,Tarragona - Complex Educatiu,TARRAGONA___COMPLEX_EDUCATIU_XE,2026-10-06,23:00 - 23:30,SÍ,OK,2026-10-07 13:19:07,00:00,https://www.meteo.cat/observacions/xema/dades?codi=XE&dia=2026-10-06T00:00Z,11,"Període TU, TM °C, TX °C, TN °C, HRM %, PPT mm, VVM (10 m) km/h, DVM (10 m) graus, VVX (10 m) km/h, PM hPa, RS W/m 2",342,,,,100,1014.0,0.0,23:00 - 23:30,0,17.9,17.8,18.2,1.1,,,6.5,,,23:00 - 23:30,17.9,18.2,17.8,100,0.0,1.1,342,23:00 - 23:30,17.9,18.2,17.8,100,0.0,1.1,342,6.5,1014.0,0,6.5,1014.0,0,
XE,Tarragona - Complex Educatiu,TARRAGONA___COMPLEX_EDUCATIU_XE,2026-10-06,22:30 - 23:00,SÍ,OK,2026-10-07 13:19:07,00:00,https://www.meteo.cat/observacions/xema/dades?codi=XE&dia=2026-10-06T00:00Z,11,"Període TU, TM °C, TX °C, TN °C, HRM %, PPT mm, VVM (10 m) km/h, DVM (10 m) graus, VVX (10 m) km/h, PM hPa, RS W/m 2",343,,,,100,1014.3,0.0,22:30 - 23:00,0,18.5,18.2,18.6,1.4,,,3.6,,,22:30 - 23:00,18.5,18.6,18.2,100,0.0,1.4,343,22:30 - 23:00,18.5,18.6,18.2,100,0.0,1.4,343,3.6,1014.3,0,3.6,1014.3,0,
XE,Tarragona - Complex Educatiu,TARRAGONA___COMPLEX_EDUCATIU_XE,2026-10-06,22:00 - 22:30,SÍ,OK,2026-10-07 13:19:07,00:00,https://www.meteo.cat/observacions/xema/dades?codi=XE&dia=2026-10-06T00:00Z,11,"Període TU, TM °C, TX °C, TN °C, HRM %, PPT mm, VVM (10 m) km/h, DVM (10 m) graus, VVX (10 m) km/h, PM hPa, RS W/m 2",9,,,,100,1014.4,0.0,22:00 - 22:30,0,18.7,18.6,18.7,4.0,,,9.4,,,22:00 - 22:30,18.7,18.7,18.6,100,0.0,4.0,9,22:00 - 22:30,18.7,18.7,18.6,100,0.0,4.0,9,9.4,1014.4,0,9.4,1014.4,0,
UE,Torroella de Montgrí,TORROELLA_DE_MONTGRI_UE,2026-10-07,12:30 - 13:00,NO,OK,2026-10-07 13:19:10,12:30,https://www.meteo.cat/observacions/xema/dades?codi=UE&dia=2026-10-07T12:30Z,6,"Període TU, TM °C, TX °C, TN °C, HRM %, PPT mm",,,,,80,,0.0,12:30 - 13:00,,23.5,23.0,24.1,,,,,,,12:30 - 13:00,23.5,24.1,23.0,80,0.0,,,12:30 - 13:00,23.5,24.1,23.0,80,0.0,,,,,,,,,
UE,Torroella de Montgrí,TORROELLA_DE_MONTGRI_UE,2026-10-06,23:30 - 00:00,SÍ,OK,2026-10-07 13:19:12,00:00,https://www.meteo.cat/observacions/xema/dades?codi=UE&dia=2026-10-06T00:00Z,6,"Període TU, TM °C, TX °C, TN °C, HRM %, PPT mm",,,,,99,,0.0,23:30 - 00:00,,18.2,18.1,18.3,,,,,,,23:30 - 00:00,18.2,18.3,18.1,99,0.0,,,23:30 - 00:00,18.2,18.3,18.1,99,0.0,,,,,,,,,
UE,Torroella de Montgrí,TORROELLA_DE_MONTGRI_UE,2026-10-06,23:00 - 23:30,SÍ,OK,2026-10-07 13:19:12,00:00,https://www.meteo.cat/observacions/xema/dades?codi=UE&dia=2026-10-06T00:00Z,6,"Període TU, TM °C, TX °C, TN °C, HRM %, PPT mm",,,,,99,,0.1,23:00 - 23:30,,18.4,18.3,18.5,,,,,,,23:00 - 23:30,18.4,18.5,18.3,99,0.1,,,23:00 - 23:30,18.4,18.5,18.3,99,0.1,,,,,,,,,
UE,Torroella de Montgrí,TORROELLA_DE_MONTGRI_UE,2026-10-06,22:30 - 23:00,SÍ,OK,2026-10-07 13:19:12,00:00,https://www.meteo.cat/observacions/xema/dades?codi=UE&dia=2026-10-06T00:00Z,6,"Període TU, TM °C, TX °C, TN °C, HRM %, PPT mm",,,,,97,,0.7,22:30 - 23:00,,18.8,18.5,19.1,,,,,,,22:30 - 23:00,18.8,19.1,18.5,97,0.7,,,22:30 - 23:00,18.8,19.1,18.5,97,0.7,,,,,,,,,
UE,Torroella de Montgrí,TORROELLA_DE_MONTGRI_UE,2026-10-06,22:00 - 22:30,SÍ,OK,2026-10-07 13:19:12,00:00,https://www.meteo.cat/observacions/xema/dades?codi=UE&dia=2026-10-06T00:00Z,6,"Període TU, TM °C, TX °C, TN °C, HRM %, PPT mm",,,,,99,,0.4,22:00 - 22:30,,20.4,19.1,20.7,,,,,,,22:00 - 22:30,20.4,20.7,19.1,99,0.4,,,22:00 - 22:30,20.4,20.7,19.1,99,0.4,,,,,,,,,
XO,Vic,VIC_XO,2026-10-07,12:30 - 13:00,NO,OK,2026-10-07 13:19:15,12:30,https://www.meteo.cat/observacions/xema/dades?codi=XO&dia=2026-10-07T12:30Z,10,"Període TU, TM °C, TX °C, TN °C, HRM %, PPT mm, VVM (10 m) km/h, DVM (10 m) graus, VVX (10 m) km/h, RS W/m 2",261,,,,63,,0.0,12:30 - 13:00,598,22.4,22.1,22.9,6.8,,,17.3,,,12:30 - 13:00,22.4,22.9,22.1,63,0.0,6.8,261,12:30 - 13:00,22.4,22.9,22.1,63,0.0,6.8,261,17.3,598,,17.3,598,,
XO,Vic,VIC_XO,2026-10-06,23:30 - 00:00,SÍ,OK,2026-10-07 13:19:17,00:00,https://www.meteo.cat/observacions/xema/dades?codi=XO&dia=2026-10-06T00:00Z,10,"Període TU, TM °C, TX °C, TN °C, HRM %, PPT mm, VVM (10 m) km/h, DVM (10 m) graus, VVX (10 m) km/h, RS W/m 2",212,,,,99,,0.0,23:30 - 00:00,0,16.1,15.6,16.4,1.8,,,5.8,,,23:30 - 00:00,16.1,16.4,15.6,99,0.0,1.8,212,23:30 - 00:00,16.1,16.4,15.6,99,0.0,1.8,212,5.8,0,,5.8,0,,
XO,Vic,VIC_XO,2026-10-06,23:00 - 23:30,SÍ,OK,2026-10-07 13:19:17,00:00,https://www.meteo.cat/observacions/xema/dades?codi=XO&dia=2026-10-06T00:00Z,10,"Període TU, TM °C, TX °C, TN °C, HRM %, PPT mm, VVM (10 m) km/h, DVM (10 m) graus, VVX (10 m) km/h, RS W/m 2",222,,,,99,,0.0,23:00 - 23:30,0,16.6,16.4,16.9,1.8,,,4.7,,,23:00 - 23:30,16.6,16.9,16.4,99,0.0,1.8,222,23:00 - 23:30,16.6,16.9,16.4,99,0.0,1.8,222,4.7,0,,4.7,0,,
XO,Vic,VIC_XO,2026-10-06,22:30 - 23:00,SÍ,OK,2026-10-07 13:19:17,00:00,https://www.meteo.cat/observacions/xema/dades?codi=XO&dia=2026-10-06T00:00Z,10,"Període TU, TM °C, TX °C, TN °C, HRM %, PPT mm, VVM (10 m) km/h, DVM (10 m) graus, VVX (10 m) km/h, RS W/m 2",182,,,,99,,0.0,22:30 - 23:00,0,17.2,17.0,17.3,2.9,,,11.9,,,22:30 - 23:00,17.2,17.3,17.0,99,0.0,2.9,182,22:30 - 23:00,17.2,17.3,17.0,99,0.0,2.9,182,11.9,0,,11.9,0,,
XO,Vic,VIC_XO,2026-10-06,22:00 - 22:30,SÍ,OK,2026-10-07 13:19:17,00:00,https://www.meteo.cat/observacions/xema/dades?codi=XO&dia=2026-10-06T00:00Z,10,"Període TU, TM °C, TX °C, TN °C, HRM %, PPT mm, VVM (10 m) km/h, DVM (10 m) graus, VVX (10 m) km/h, RS W/m 2",159,,,,99,,0.0,22:00 - 22:30,0,17.1,17.0,17.2,0.7,,,2.9,,,22:00 - 22:30,17.1,17.2,17.0,99,0.0,0.7,159,22:00 - 22:30,17.1,17.2,17.0,99,0.0,0.7,159,2.9,0,,2.9,0,,
VS,Vielha e Mijaran - Lac Redon (2.247 m),VIELHA_E_MIJARAN___LAC_REDON_2247_M_VS,2026-10-07,12:30 - 13:00,NO,OK,2026-10-07 13:19:20,12:30,https://www.meteo.cat/observacions/xema/dades?codi=VS&dia=2026-10-07T12:30Z,12,"Període TU, TM °C, TX °C, TN °C, HRM %, PPT mm, GN cm, VVM (10 m) km/h, DVM (10 m) graus, VVX (10 m) km/h, PM hPa, RS W/m 2",207,,,,97,847.5,0.1,12:30 - 13:00,83,6.4,6.1,6.7,23.4,,,31.0,,,12:30 - 13:00,6.4,6.7,6.1,97,0.1,,23.4,12:30 - 13:00,6.4,6.7,6.1,97,0.1,,23.4,207,31.0,847.5,207,31.0,847.5,83
VS,Vielha e Mijaran - Lac Redon (2.247 m),VIELHA_E_MIJARAN___LAC_REDON_2247_M_VS,2026-10-06,23:30 - 00:00,SÍ,OK,2026-10-07 13:19:22,00:00,https://www.meteo.cat/observacions/xema/dades?codi=VS&dia=2026-10-06T00:00Z,12,"Període TU, TM °C, TX °C, TN °C, HRM %, PPT mm, GN cm, VVM (10 m) km/h, DVM (10 m) graus, VVX (10 m) km/h, PM hPa, RS W/m 2",189,,,0,98,850.2,0.0,23:30 - 00:00,0,7.0,6.8,7.2,16.2,,,30.6,,,23:30 - 00:00,7.0,7.2,6.8,98,0.0,0,16.2,23:30 - 00:00,7.0,7.2,6.8,98,0.0,0,16.2,189,30.6,850.2,189,30.6,850.2,0
VS,Vielha e Mijaran - Lac Redon (2.247 m),VIELHA_E_MIJARAN___LAC_REDON_2247_M_VS,2026-10-06,23:00 - 23:30,SÍ,OK,2026-10-07 13:19:22,00:00,https://www.meteo.cat/observacions/xema/dades?codi=VS&dia=2026-10-06T00:00Z,12,"Període TU, TM °C, TX °C, TN °C, HRM %, PPT mm, GN cm, VVM (10 m) km/h, DVM (10 m) graus, VVX (10 m) km/h, PM hPa, RS W/m 2",191,,,,98,850.6,0.0,23:00 - 23:30,0,6.8,6.5,7.0,15.8,,,27.7,,,23:00 - 23:30,6.8,7.0,6.5,98,0.0,,15.8,23:00 - 23:30,6.8,7.0,6.5,98,0.0,,15.8,191,27.7,850.6,191,27.7,850.6,0
VS,Vielha e Mijaran - Lac Redon (2.247 m),VIELHA_E_MIJARAN___LAC_REDON_2247_M_VS,2026-10-06,22:30 - 23:00,SÍ,OK,2026-10-07 13:19:22,00:00,https://www.meteo.cat/observacions/xema/dades?codi=VS&dia=2026-10-06T00:00Z,12,"Període TU, TM °C, TX °C, TN °C, HRM %, PPT mm, GN cm, VVM (10 m) km/h, DVM (10 m) graus, VVX (10 m) km/h, PM hPa, RS W/m 2",195,,,,99,850.6,0.0,22:30 - 23:00,0,7.1,6.9,7.2,24.1,,,35.3,,,22:30 - 23:00,7.1,7.2,6.9,99,0.0,,24.1,22:30 - 23:00,7.1,7.2,6.9,99,0.0,,24.1,195,35.3,850.6,195,35.3,850.6,0
VS,Vielha e Mijaran - Lac Redon (2.247 m),VIELHA_E_MIJARAN___LAC_REDON_2247_M_VS,2026-10-06,22:00 - 22:30,SÍ,OK,2026-10-07 13:19:22,00:00,https://www.meteo.cat/observacions/xema/dades?codi=VS&dia=2026-10-06T00:00Z,12,"Període TU, TM °C, TX °C, TN °C, HRM %, PPT mm, GN cm, VVM (10 m) km/h, DVM (10 m) graus, VVX (10 m) km/h, PM hPa, RS W/m 2",194,,,,99,850.7,0.0,22:00 - 22:30,0,7.0,6.9,7.1,17.3,,,30.2,,,22:00 - 22:30,7.0,7.1,6.9,99,0.0,,17.3,22:00 - 22:30,7.0,7.1,6.9,99,0.0,,17.3,194,30.2,850.7,194,30.2,850.7,0
YN,Vielha e Mijaran - Vielha - Elipòrt,VIELHA_E_MIJARAN___VIELHA___ELIPORT_YN,2026-10-07,12:30 - 13:00,NO,OK,2026-10-07 13:19:26,12:30,https://www.meteo.cat/observacions/xema/dades?codi=YN&dia=2026-10-07T12:30Z,12,"Període TU, TM °C, TX °C, TN °C, HRM %, PPT mm, GN cm, VVM (6 m) km/h, DVM (6 m) graus, VVX (6 m) km/h, PM hPa, RS W/m 2",,,17,2,78,1009.5,0.0,12:30 - 13:00,150,15.9,15.1,17.7,,,5.4,,,23.0,12:30 - 13:00,15.9,17.7,15.1,78,0.0,2,5.4,12:30 - 13:00,15.9,17.7,15.1,78,0.0,2,5.4,17,23.0,1009.5,17,23.0,1009.5,150
YN,Vielha e Mijaran - Vielha - Elipòrt,VIELHA_E_MIJARAN___VIELHA___ELIPORT_YN,2026-10-06,23:30 - 00:00,SÍ,OK,2026-10-07 13:19:28,00:00,https://www.meteo.cat/observacions/xema/dades?codi=YN&dia=2026-10-06T00:00Z,12,"Període TU, TM °C, TX °C, TN °C, HRM %, PPT mm, GN cm, VVM (6 m) km/h, DVM (6 m) graus, VVX (6 m) km/h, PM hPa, RS W/m 2",,,181,1,95,1013.8,0.0,23:30 - 00:00,0,11.9,11.4,12.5,,,3.2,,,8.3,23:30 - 00:00,11.9,12.5,11.4,95,0.0,1,3.2,23:30 - 00:00,11.9,12.5,11.4,95,0.0,1,3.2,181,8.3,1013.8,181,8.3,1013.8,0
YN,Vielha e Mijaran - Vielha - Elipòrt,VIELHA_E_MIJARAN___VIELHA___ELIPORT_YN,2026-10-06,23:00 - 23:30,SÍ,OK,2026-10-07 13:19:28,00:00,https://www.meteo.cat/observacions/xema/dades?codi=YN&dia=2026-10-06T00:00Z,12,"Període TU, TM °C, TX °C, TN °C, HRM %, PPT mm, GN cm, VVM (6 m) km/h, DVM (6 m) graus, VVX (6 m) km/h, PM hPa, RS W/m 2",,,165,2,95,1013.8,0.0,23:00 - 23:30,0,12.4,11.8,13.0,,,3.2,,,8.6,23:00 - 23:30,12.4,13.0,11.8,95,0.0,2,3.2,23:00 - 23:30,12.4,13.0,11.8,95,0.0,2,3.2,165,8.6,1013.8,165,8.6,1013.8,0
YN,Vielha e Mijaran - Vielha - Elipòrt,VIELHA_E_MIJARAN___VIELHA___ELIPORT_YN,2026-10-06,22:30 - 23:00,SÍ,OK,2026-10-07 13:19:28,00:00,https://www.meteo.cat/observacions/xema/dades?codi=YN&dia=2026-10-06T00:00Z,12,"Període TU, TM °C, TX °C, TN °C, HRM %, PPT mm, GN cm, VVM (6 m) km/h, DVM (6 m) graus, VVX (6 m) km/h, PM hPa, RS W/m 2",,,176,2,97,1013.8,0.0,22:30 - 23:00,0,12.8,12.4,13.1,,,3.2,,,10.1,22:30 - 23:00,12.8,13.1,12.4,97,0.0,2,3.2,22:30 - 23:00,12.8,13.1,12.4,97,0.0,2,3.2,176,10.1,1013.8,176,10.1,1013.8,0
YN,Vielha e Mijaran - Vielha - Elipòrt,VIELHA_E_MIJARAN___VIELHA___ELIPORT_YN,2026-10-06,22:00 - 22:30,SÍ,OK,2026-10-07 13:19:28,00:00,https://www.meteo.cat/observacions/xema/dades?codi=YN&dia=2026-10-06T00:00Z,12,"Període TU, TM °C, TX °C, TN °C, HRM %, PPT mm, GN cm, VVM (6 m) km/h, DVM (6 m) graus, VVX (6 m) km/h, PM hPa, RS W/m 2",,,187,2,96,1013.6,0.0,22:00 - 22:30,0,13.2,13.1,13.4,,,2.9,,,7.9,22:00 - 22:30,13.2,13.4,13.1,96,0.0,2,2.9,22:00 - 22:30,13.2,13.4,13.1,96,0.0,2,2.9,187,7.9,1013.6,187,7.9,1013.6,0
D7,Vinebre,VINEBRE_D7,2026-10-07,12:30 - 13:00,NO,OK,2026-10-07 13:19:31,12:30,https://www.meteo.cat/observacions/xema/dades?codi=D7&dia=2026-10-07T12:30Z,11,"Període TU, TM °C, TX °C, TN °C, HRM %, PPT mm, VVM (10 m) km/h, DVM (10 m) graus, VVX (10 m) km/h, PM hPa, RS W/m 2",313,,,,47,1011.6,0.0,12:30 - 13:00,575,25.9,25.2,26.6,9.0,,,22.0,,,12:30 - 13:00,25.9,26.6,25.2,47,0.0,9.0,313,12:30 - 13:00,25.9,26.6,25.2,47,0.0,9.0,313,22.0,1011.6,575,22.0,1011.6,575,
D7,Vinebre,VINEBRE_D7,2026-10-06,23:30 - 00:00,SÍ,OK,2026-10-07 13:19:33,00:00,https://www.meteo.cat/observacions/xema/dades?codi=D7&dia=2026-10-06T00:00Z,11,"Període TU, TM °C, TX °C, TN °C, HRM %, PPT mm, VVM (10 m) km/h, DVM (10 m) graus, VVX (10 m) km/h, PM hPa, RS W/m 2",189,,,,100,1014.1,0.0,23:30 - 00:00,0,17.0,16.8,17.1,2.5,,,5.4,,,23:30 - 00:00,17.0,17.1,16.8,100,0.0,2.5,189,23:30 - 00:00,17.0,17.1,16.8,100,0.0,2.5,189,5.4,1014.1,0,5.4,1014.1,0,
D7,Vinebre,VINEBRE_D7,2026-10-06,23:00 - 23:30,SÍ,OK,2026-10-07 13:19:33,00:00,https://www.meteo.cat/observacions/xema/dades?codi=D7&dia=2026-10-06T00:00Z,11,"Període TU, TM °C, TX °C, TN °C, HRM %, PPT mm, VVM (10 m) km/h, DVM (10 m) graus, VVX (10 m) km/h, PM hPa, RS W/m 2",55,,,,100,1014.3,0.0,23:00 - 23:30,0,16.7,16.6,16.9,1.8,,,4.3,,,23:00 - 23:30,16.7,16.9,16.6,100,0.0,1.8,55,23:00 - 23:30,16.7,16.9,16.6,100,0.0,1.8,55,4.3,1014.3,0,4.3,1014.3,0,
D7,Vinebre,VINEBRE_D7,2026-10-06,22:30 - 23:00,SÍ,OK,2026-10-07 13:19:33,00:00,https://www.meteo.cat/observacions/xema/dades?codi=D7&dia=2026-10-06T00:00Z,11,"Període TU, TM °C, TX °C, TN °C, HRM %, PPT mm, VVM (10 m) km/h, DVM (10 m) graus, VVX (10 m) km/h, PM hPa, RS W/m 2",156,,,,100,1014.5,0.0,22:30 - 23:00,0,16.8,16.7,16.9,1.4,,,3.6,,,22:30 - 23:00,16.8,16.9,16.7,100,0.0,1.4,156,22:30 - 23:00,16.8,16.9,16.7,100,0.0,1.4,156,3.6,1014.5,0,3.6,1014.5,0,
D7,Vinebre,VINEBRE_D7,2026-10-06,22:00 - 22:30,SÍ,OK,2026-10-07 13:19:33,00:00,https://www.meteo.cat/observacions/xema/dades?codi=D7&dia=2026-10-06T00:00Z,11,"Període TU, TM °C, TX °C, TN °C, HRM %, PPT mm, VVM (10 m) km/h, DVM (10 m) graus, VVX (10 m) km/h, PM hPa, RS W/m 2",176,,,,100,1014.7,0.0,22:00 - 22:30,0,17.0,16.8,17.2,1.1,,,3.2,,,22:00 - 22:30,17.0,17.2,16.8,100,0.0,1.1,176,22:00 - 22:30,17.0,17.2,16.8,100,0.0,1.1,176,3.2,1014.7,0,3.2,1014.7,0,
